ID,Nome,Nickname,Descricao,Criacao_Canal,Categoria,Viewers,Linguagem,Data_stream,Hora_stream
92038375,caedrel,Caedrel,he cancelled it,27/05/2015,League of Legends,37588,InglÃªs,15/05/2025,07:14:39
124425501,lck,LCK,"For more information, schedules and stats head to the LCK's social media. Follow our Twitch for live notifications and find daily broadcast updates on LCK social media.",16/05/2016,League of Legends,18330,InglÃªs,15/05/2025,07:30:25
129339704,betboom_ru,betboom_ru,"ğŸ”¥ ĞŸÑ€Ğ¸ÑĞ¾ĞµĞ´Ğ¸Ğ½ÑĞ¹Ñ‚ĞµÑÑŒ Ğº Ğ½Ğ°Ğ¼, Ñ‡Ñ‚Ğ¾Ğ±Ñ‹ Ğ¿Ğ¾ÑĞ¼Ğ¾Ñ‚Ñ€ĞµÑ‚ÑŒ FISSURE Universe Ep.5 Play-In! ĞœĞµÑ€Ğ¾Ğ¿Ñ€Ğ¸ÑÑ‚Ğ¸Ğµ Ğ¿Ñ€Ğ¾Ğ¹Ğ´ĞµÑ‚ Ñ 12.05 Ğ¿Ğ¾ 18.05! Ğ–Ğ°Ñ€ĞºĞ¸Ğµ Ğ±Ğ¾Ğ¸ Ğ·Ğ° Ğ¿Ñ€Ğ¸Ğ·Ğ¾Ğ²Ğ¾Ğ¹ Ñ„Ğ¾Ğ½Ğ´ Ğ² $250 000 Ñ ÑƒÑ‡Ğ°ÑÑ‚Ğ¸ĞµĞ¼ Virtus.pro , MOUZ, OG Ğ¸ Ğ´Ñ€ÑƒĞ³Ğ¸Ñ…! ĞĞµ ÑƒĞ¿ÑƒÑÑ‚Ğ¸Ñ‚Ğµ Ğ²Ğ¾Ğ·Ğ¼Ğ¾Ğ¶Ğ½Ğ¾ÑÑ‚ÑŒ ÑÑ‚Ğ°Ñ‚ÑŒ ÑĞ²Ğ¸Ğ´ĞµÑ‚ĞµĞ»ĞµĞ¼ ÑÑ‚Ğ¾Ğ³Ğ¾ ÑĞ¿Ğ¸Ñ‡ĞµÑĞºĞ¾Ğ³Ğ¾ ÑĞ¾Ğ±Ñ‹Ñ‚Ğ¸Ñ! ĞŸÑ€Ğ¸ÑĞ¾ĞµĞ´Ğ¸Ğ½ÑĞ¹Ñ‚ĞµÑÑŒ Ğº Ğ½Ğ°Ğ¼!",12/07/2016,Dota 2,16860,Russo,15/05/2025,07:33:14
920125847,lck_carry,LCK_Carry,é‡ç¿åœ‹éš›æ–¼ 2023 å¹´å¤å­£èµ·ï¼Œèˆ‡ Riot Games é€²è¡Œè·¨å€åŸŸåˆä½œï¼Œå–å¾—ã€Šè‹±é›„è¯ç›Ÿã€‹ï¼ˆLeague of Legendsï¼‰éŸ“åœ‹å† è»è¯è³½ï¼ˆLeague of Legends Champions Koreaï¼Œç°¡ç¨± LCKï¼‰ä¸­æ–‡è½‰æ’­æ¬Šã€‚å¾ 2023 å¹´ 6 æœˆ 7 æ—¥ LCK å¤å­£è³½é–‹å¹•æˆ°èµ·ï¼Œé€²è¡Œå…¨ç¨‹è½‰æ’­è³½äº‹ã€‚,08/06/2023,League of Legends,9687,ChinÃªs,15/05/2025,07:34:51
102631269,yaritaiji,ãŸã„ã˜_ãŸã„ã¡ã‚ƒã‚“ã­ã‚‹,ãŸã„ã˜ã§ã™ï¼ã¯ã˜ã‚ã¾ã—ã¦ï¼ã‚ˆã†ã¤ã¹â†’https://t.co/MlYSe4f4By?amp=1ã‚ªãƒ—ãƒ¬â†’https://www.openrec.tv/user/Yaritaiji,20/09/2015,Just Chatting,8534,JaponÃªs,15/05/2025,10:39:35
39154501,des0ut,des0ut,Ğ£Ğ¼Ğ½Ñ‹Ğµ Ğ²ÑĞµĞ³Ğ´Ğ° Ğ¿Ğ¾Ğ±ĞµĞ¶Ğ´Ğ°ÑÑ‚ ÑĞ¸Ğ»ÑŒĞ½Ñ‹Ñ…! Ğ£ĞœĞĞœ!,08/01/2013,PUBG: BATTLEGROUNDS,7156,Russo,15/05/2025,07:30:33
175831187,ironmouse,ironmouse,Im your cringe demon queen from VShojo,29/09/2017,Dark Souls: Remastered,7132,InglÃªs,15/05/2025,01:19:36
117168642,chowh1,chowh1,L'animateur qui tue ton joueur pro prÃ©fÃ©rÃ© :D,27/02/2016,Call of Duty: Warzone,6920,FrancÃªs,15/05/2025,07:59:44
48677263,lazvell,Lazvell, konnichiwa!,07/09/2013,VALORANT,6893,JaponÃªs,15/05/2025,06:05:14
205775893,haitani0904,ãƒã‚¤ã‚¿ãƒ‹,REJECTæ ¼é—˜ã‚²ãƒ¼ãƒ éƒ¨é–€æ‰€å±ã‚¹ãƒˆãƒªãƒ¼ãƒãƒ¼ã®ãƒã‚¤ã‚¿ãƒ‹ã§ã™ã€‚,16/03/2018,Street Fighter 6,6490,JaponÃªs,15/05/2025,08:11:00
467031116,enzzai,enzzai,â„– 5083481094,14/10/2019,Just Chatting,6090,Russo,15/05/2025,07:12:27
622498423,otplol_,otplol_,Le meilleur de League of Legends commentÃ© par le crew OTP.,18/12/2020,League of Legends,6040,FrancÃªs,15/05/2025,07:43:41
45098797,cdawgva,CDawgVA,I'm that guy,23/06/2013,Dark Souls: Remastered,6005,InglÃªs,15/05/2025,01:55:43
642318624,spicyuuu,spicyuuu, no I'm not angry â—‘__________â—‘  ,27/01/2021,VALORANT,5960,InglÃªs,15/05/2025,08:48:21
936171791,yugi2x,Yugi2x,Business inquiries - Yugi@mythictalent.com,24/07/2023,Just Chatting,5232,InglÃªs,15/05/2025,04:58:27
752988454,yuyuta0702,ã‚†ã‚†ã†ãŸæŠ¼å¿,youtuberã¨é…ä¿¡è€…ã‚’ã‚„ã£ã¦ã¾ã™æ›²ã€ã‚²ãƒ¼ãƒ ç­‰ã®ãƒªã‚¯ã‚¨ã‚¹ãƒˆã€ã‚¹ã‚¿ãƒ³ãƒ—ä½œã£ã¦ãã‚Œã‚‹äººã¯ã“ã¡ã‚‰(suzuki19880702@gmail.com)ã¾ã§ã”é€£çµ¡ãã ã•ã„,15/12/2021,Yakuza Kiwami 2,4813,JaponÃªs,15/05/2025,09:00:30
81446331,traytonlol,TraYtoNlol,J'aime l'esport League of legends !!!!!,31/01/2015,League of Legends,4742,FrancÃªs,15/05/2025,07:33:44
91438833,mokrysuchar,MokrySuchar,"DzieÅ„ dobry nazywam siÄ™ Dominik. Mam 25 lat i stwierdzone ADHD. RobiÄ™ rzeczy i ruchy z Xayoo, streamujÄ™ na pÃ³Å‚ etatu mokrysuchar@stormmedia.gg",19/05/2015,Just Chatting,4554,PolonÃªs,15/05/2025,07:43:32
48978939,pch3lk1n,PCH3LK1N,"ĞĞ»ĞµĞºÑĞµĞ¹ ""PCH3LK1N"" ĞŸÑ‡Ñ‘Ğ»ĞºĞ¸Ğ½ - Ğ°Ğ¼Ğ±Ğ°ÑÑĞ°Ğ´Ğ¾Ñ€ FONBET, ĞºĞ¾Ğ¼Ğ¼ĞµĞ½Ñ‚Ğ°Ñ‚Ğ¾Ñ€ 2023 Ğ³Ğ¾Ğ´Ğ° (SLAY), ÑĞ¾Ğ·Ğ´Ğ°Ñ‚ĞµĞ»ÑŒ ÑˆĞºĞ¾Ğ»Ñ‹ ĞºĞ¸Ğ±ĞµÑ€ÑĞ¿Ğ¾Ñ€Ñ‚Ğ¸Ğ²Ğ½Ñ‹Ñ… ĞºĞ¾Ğ¼Ğ¼ĞµĞ½Ñ‚Ğ°Ñ‚Ğ¾Ñ€Ğ¾Ğ², ÑÑ‚Ñ€Ğ¸Ğ¼ĞµÑ€, ĞºĞ¸Ğ±ĞµÑ€ÑĞ¿Ğ¾Ñ€Ñ‚Ğ¸Ğ²Ğ½Ñ‹Ğ¹ ĞºĞ¾Ğ¼Ğ¼ĞµĞ½Ñ‚Ğ°Ñ‚Ğ¾Ñ€ CS 2, Ğ²ĞµĞ´ÑƒÑ‰Ğ¸Ğ¹, Ğ°Ğ²Ñ‚Ğ¾Ñ€ Ğ¿Ñ€Ğ¾ĞµĞºÑ‚Ğ¾Ğ² RAPĞšĞ¸Ğ½Ğ¾Ğ¾Ğ±Ğ·Ğ¾Ñ€, RAPGAMEOBZOR Ğ½Ğ° YouTube. Ğ¡Ğ¾Ñ‚Ñ€ÑƒĞ´Ğ½Ğ¸Ñ‡ĞµÑÑ‚Ğ²Ğ¾ - PCH3LK1N@streamers-alliance.com. â„– 4935565942",14/09/2013,Just Chatting,4482,Russo,15/05/2025,06:34:59
67708794,nix,Nix,Ğ¤Ñ€ÑƒĞºÑ‚Ñ‹ Ğ½Ğµ Ğ´Ñ‹ÑˆĞ°Ñ‚ÑŒ ĞºĞ¾Ñ€ĞµĞ½ÑŒ Ğ¸Ğ¼Ğ±Ğ¸Ñ€Ñ ÑÑ‚Ğ¾ÑÑ‚ÑŒ Ğ½Ğ° Ğ³Ğ¾Ğ»Ğ¾Ğ²Ğµ Ñ…Ğ¾Ğ»Ğ¾Ğ´Ğ½Ñ‹Ğ¹ Ğ´ÑƒÑˆ ÑĞ¿Ğ°Ñ‚ÑŒ Ğ½Ğ° Ğ¿Ğ¾Ğ»Ñƒ Ñ Ğ¾Ñ‚ĞºÑ€Ñ‹Ñ‚Ñ‹Ğ¼Ğ¸ Ğ³Ğ»Ğ°Ğ·Ğ°Ğ¼Ğ¸,30/07/2014,Just Chatting,4294,Russo,15/05/2025,10:28:30
1214185767,lplenglish,lplenglish,Your home for all things #LPL! Fan-made project.,10/12/2024,League of Legends,4212,InglÃªs,15/05/2025,09:26:43
181357564,tolkin,Tolkin,esports enjoyer & Rentner,11/11/2017,League of Legends,3962,AlemÃ£o,15/05/2025,07:58:06
162757011,leva2k,leva2k,Ğ¯ Ğ¼Ğ¾Ğ³ÑƒÑ‡Ğ¸Ğ¹ ÑĞ¸Ğ»ÑŒĞ½Ñ‹Ğ¹ Ğ»ĞµĞ². ĞœĞ°Ğ¼Ğ° Ğ¼Ğ½Ğµ Ğ½Ğµ Ğ¼Ğ¾ĞµÑ‚ Ğ¼Ğµx.  4777872774.   Ğ¡Ğ¾Ñ‚Ñ€ÑƒĞ´Ğ½Ğ¸Ñ‡ĞµÑÑ‚Ğ²Ğ¾ bossbogush@yandex.com,04/07/2017,Just Chatting,3836,Russo,13/05/2025,11:34:37
70408195,capp,Capp,Business/Sponsorship inquiries: Cappttv@gmail.com or Discord: Cap#6666,01/09/2014,Grand Theft Auto V,3700,InglÃªs,15/05/2025,03:28:38
70298660,skyyart,Skyyart,PassionnÃ© de jeu vidÃ©o stratÃ©gique :D Contact Pro Onlyâœ‰ï¸ skyyartpro@gmail.com,31/08/2014,League of Legends,3650,FrancÃªs,15/05/2025,07:50:59
233929245,m3wsu,m3wsu,Ğ´Ğ¾Ğ±Ñ€ÑÑ‡Ğ¾k 120ping - now lowping  Ğ¡Ğ¾Ñ‚Ñ€ÑƒĞ´Ğ½Ğ¸Ñ‡ĞµÑÑ‚Ğ²Ğ¾: vk - https://vk.com/tkorenev99 tg - @m3wsucoop  gmail - m3wsucooperation@gmail.com â„– 5144745026,25/06/2018,Counter-Strike,3598,Russo,15/05/2025,06:43:09
23852822,failverde,æ‡¶è²“,æˆ‘æ˜¯æ‡¶è²“ æ˜¯å€‹å»¢èª²æ‰‹éŠç©å®¶,04/08/2011,MapleStory N,3569,ChinÃªs,15/05/2025,03:55:01
40603161,ceb_,ceb_,"Sebastien 'Ceb' Debs. I've been a coach, a panelist, and also player all 5 roles during my DotA career. Proud TI8 and TI9 champion, as well as a few majors âœŒï¸",22/02/2013,Dota 2,3480,InglÃªs,15/05/2025,06:58:15
51065352,faide,Faide,beat the odds // Business: faidettv@gmail.com,03/11/2013,Apex Legends,3467,InglÃªs,15/05/2025,05:19:26
15027034,zrush,å¬Œå…”,å¯æ„›çš„å…”å­ ga619003@gmail.com ,27/08/2010,DOOM: The Dark Ages,3464,ChinÃªs,15/05/2025,02:50:21
139291787,patmenvlr,patmenvlr,Valorant Player for Paper Rex,12/11/2016,VALORANT,3430,InglÃªs,15/05/2025,08:49:12
140772558,baiano,Baiano,"Ex-proplayer de LOL e primeiro jogador Brasileiro a jogar fora do paÃ­s. Superei um tumor, depressÃ£o e diversas cirurgias! Criei o CBOLÃƒO, Baianalista e a maior comunidade do League of Legends: O ILHA DAS LENDAS, que foca levar diversÃ£o e entretenimento para nossa comunidade. ",30/11/2016,League of Legends,3426,PortuguÃªs,15/05/2025,07:34:40
1206015653,nemurinotakuma,çœ ã‚Šã®ãŸãã¾,äººç‹¼ã‚²ãƒ¼ãƒ çµŒé¨“ï¼‘ï¼’å¹´ ã‚¿ãƒ¼ãƒ³åˆ¶äººç‹¼ãƒ¡ã‚¤ãƒ³é…ä¿¡ã«ã—ã¦ã¾ã™ YouTubeã§ã¯ã‚‚ã†ã™ãç™»éŒ²è€…ï¼“ä¸‡äººãƒ„ã‚¤ãƒƒãƒã§ã‚‚é…ä¿¡é ‘å¼µã£ã¦ã„ãã®ã§å¿œæ´ã‚ˆã‚ã—ããŠé¡˜ã„ã—ã¾ã™ï¼,24/11/2024,Jinro Metropolis,3402,JaponÃªs,15/05/2025,08:00:38
582765062,premiertwo,PremierTwo,Join the man-who-never-sleeps!,13/09/2020,Just Chatting,3356,InglÃªs,15/05/2025,08:40:42
37106068,krapycoco,è™§çš®,Krapy è™§çš®,22/10/2012,VALORANT,3314,ChinÃªs,15/05/2025,08:54:04
184578486,mfreak00,mfreak00,Analista espaÃ±ol de League of Legends. Costream oficial de la LCK. Dplus KIA Content Creator.,06/12/2017,League of Legends,3136,Espanhol,15/05/2025,07:32:24
43539324,broxah,Broxah,OMEGALUL,14/05/2013,League of Legends,3136,InglÃªs,15/05/2025,05:17:59
57025612,thijs,Thijs,"I'm Thijs, 29 years old and playing Hearthstone since 2013. After my 2 times HS European Championship I started full-time streaming. Email: thijsnlbusiness@gmail.com",17/02/2014,Hearthstone,3119,InglÃªs,15/05/2025,08:47:08
494280955,c6akira,c6akira,åºƒå³¶åœ¨ä½ã®REJECTæ‰€å±ã®ãƒ—ãƒ­ã‚²ãƒ¼ãƒãƒ¼ã‚ãã‚‰ã€‚çŠ¬çŒ«ã‚´ãƒãƒ•ã‚¢ã‚¶ãƒ©ã‚·å¥½ãã€‚ç”˜ã„ç‰©å¥½ãã€‚,22/02/2020,Street Fighter 6,3069,JaponÃªs,15/05/2025,06:56:16
266301326,xqn_thesad,XQN_TheSad,Hi! I go by XQN and I am one of the best Hearthstone Battlegrounds players. Welcome :),12/10/2018,Hearthstone,3052,InglÃªs,15/05/2025,09:01:57
48245475,areslps,AresLPs,"""Mit humorvoller Unterhaltung kÃ¶nnt ihr bei mir positiv in den Tag starten. Als Variety Streamer priorisiere ich Transparenz und Respekt gegenÃ¼ber meiner Community. Stark, dass DU hier bist!""",28/08/2013,Enshrouded,3008,AlemÃ£o,15/05/2025,04:03:22
265940345,tpabomah,TpaBoMaH,"Ğ§ĞµĞ»Ğ¾Ğ²ĞµĞº Ğ¿Ñ€Ğ¸ Ğ¶Ğ¸Ğ·Ğ½Ğ¸ ÑÑ‚Ğ°Ğ²ÑˆĞ¸Ğ¹ Ğ»ĞµĞ³ĞµĞ½Ğ´Ğ¾Ğ¹, Ğ¸Ğ·-Ğ·Ğ° Ğ¼ĞµĞ½Ñ ÑƒĞ´Ğ°Ğ»Ğ¸Ğ»Ğ¸ Ğ³ĞµÑ€Ğ¾Ñ Ğ² Ğ´Ğ¾Ñ‚Ğµ Ğ¸ ĞºĞ¾Ğ¼ÑŒÑĞ½Ğ¸Ñ‚Ğ¸ ÑƒĞ»ÑƒÑ‡ÑˆĞ¸Ğ»Ğ¾ÑÑŒ Ğ½Ğ° 52% Ğ¡ĞµĞ¹Ñ‡Ğ°Ñ Ğ¸Ğ³Ñ€Ğ°Ñ Ğ² ĞºĞ°Ğ¹Ñ„ Ğ¸ Ğ´ĞµĞ»ÑÑÑŒ ÑĞ²Ğ¾Ğ¸Ğ¼Ğ¸ Ğ·Ğ½Ğ°Ğ½Ğ¸ÑĞ¼Ğ¸ Ğ¸ ÑĞºĞ¸Ğ»Ğ¾Ğ¼ ÑĞ¾ Ğ·Ñ€Ğ¸Ñ‚ĞµĞ»ÑĞ¼Ğ¸!https://www.gosuslugi.ru/snet/67b6ad1f9a7d4b3de1949f89",10/10/2018,Dota 2,2998,Russo,15/05/2025,09:41:45
237234078,ennaouii,å“ˆè€¿,ğŸ’« åˆä½œã€ä»»ä½•å·¥ä½œæ–¹é¢æ´½è«‡è«‹ç”¨ï¼š ennaouii.sales@gmail.com èˆ‡å°ˆäººè¯ç¹« ğŸ’«,09/07/2018,VALORANT,2875,InglÃªs,15/05/2025,09:38:39
21991090,pietsmiet,PietSmiet,FÃ¼nf spieleverrÃ¼ckte Teilzeit-Bekloppte zocken aus Leidenschaft.,25/04/2011,GeoGuessr,2852,AlemÃ£o,15/05/2025,07:49:23
25452510,nervarien,Nervarien,Esport League of Legends w najlepszym wydaniu. Biznes: nervarien@werefantasy.com,14/10/2011,League of Legends,2814,PolonÃªs,15/05/2025,09:09:52
93381903,japanesekoreanug,JapaneseKoreanUG,ã€€ã€€ã€€ã€€ã€€ã€€ã€€ã€€ã€€ã€€ã€€ã€€ã€€,13/06/2015,League of Legends,2752,JaponÃªs,15/05/2025,08:02:06
41314239,dafran,dafran,I stream Overwatch. DPS Player. Business email: dafran@thisisafk.com . --------------------------- Going live 2 pm CET,14/03/2013,Overwatch 2,2748,InglÃªs,15/05/2025,05:54:07
93305727,takayaspecial,ãŸã‹ã‚„ã‚¹ãƒšã‚·ãƒ£ãƒ«,LoLã‚’ã—ã¦ã¾ã™ã€€,12/06/2015,League of Legends,2697,JaponÃªs,15/05/2025,09:03:21
159974499,supermanpoka,SUPERMANPOKA,PRO player 24 y.o,12/06/2017,Just Chatting,2620,Russo,15/05/2025,04:23:35
43028909,fandy,Fandy,"Hey there! I'm a long time content creator since 2015 - I currently stream World of Warcraft, Overwatch, League of Legends and IRL content, mostly my fitness journey and fun adventures I find myself in! Full-time streamer, living in Austin, TX.  For business inquiries - fandy@mythictalent.com",29/04/2013,Clair Obscur: Expedition 33,2553,InglÃªs,15/05/2025,04:59:10
423486275,yuuechka,yuuechka,"Ñ€ĞµĞºĞ»Ğ°Ğ¼Ğ° Ğ¸ ÑĞ¾Ñ‚Ñ€ÑƒĞ´Ğ½Ğ¸Ñ‡ĞµÑÑ‚Ğ²Ğ¾:  yuuechka.reklama@gmail.comÑ€ĞµĞ¹Ğ´Ñ‹, Ğ¿Ğ¸Ğ°Ñ€ Ğ°ĞºĞºĞ°ÑƒĞ½Ñ‚Ğ¾Ğ², ĞºĞ¾Ğ»Ğ»Ğ°Ğ±Ñ‹ Ñ ÑĞ¾Ğ±Ğ¾Ğ¹ Ğ½Ğµ Ğ¿Ñ€Ğ¾Ğ´Ğ°Ñ Ğ¾_______Ğ",14/03/2019,Just Chatting,2534,Russo,15/05/2025,09:49:46
704122424,onigiri,OniGiri,"Welcome to Onimart. I am Giri, the Oni Warlord. Your Super Seiso VChef. JP Business: onigiri@geexplus.co.jp NA Business: onigiri@underscoretalent.com",04/07/2021,IRL,2435,InglÃªs,15/05/2025,01:10:09
58352686,superjj102,superjj102,Mainly Streaming and Playing Hearthstone Battlegrounds with some KEKW Moments,07/03/2014,Hearthstone,2342,InglÃªs,15/05/2025,06:40:50
98506045,mutex,MuTeX,I Love Call Of Duty and Entertaining The Public.,07/08/2015,Call of Duty: Warzone,2290,InglÃªs,15/05/2025,05:39:49
25653002,iwdominate,IWDominate,Former LCS Player and Current LCS/LPL Co-Streamer and LEC Liveviewer,23/10/2011,League of Legends,2280,InglÃªs,15/05/2025,09:30:09
42316376,just_ns,just_ns,"ĞĞ´Ğ½Ğ¾Ğ·Ğ½Ğ°Ñ‡Ğ½Ğ¾, ÑÑ‚Ñ€Ğ¸Ğ¼ Ğ½Ğµ Ğ´Ğ»Ñ Ñ‚ĞµÑ… ĞºĞ¾Ğ¼Ñƒ Ğ¼ĞµĞ½ÑŒÑˆĞµ 30-Ğ¸. Ğ¢ÑƒÑ‚ Ğ½Ğ°Ğ´Ğ¾ Ğ´Ğ¾Ğ´ÑƒĞ¼Ñ‹Ğ²Ğ°Ñ‚ÑŒ Ğ¼Ñ‹ÑĞ»ÑŒ ÑÑ‚Ñ€Ğ¸Ğ¼ĞµÑ€Ğ°, Ğ° Ğ½Ğµ Ğ¿Ğ»Ñ‹Ñ‚ÑŒ Ğ¿Ğ¾ Ñ‚ĞµÑ‡ĞµĞ½Ğ¸Ñ Ñ‚Ñ€Ğ°Ğ½ÑĞ»ÑÑ†Ğ¸Ğ¸. Ğ¡Ñ€Ğ°Ğ·Ñƒ Ğ¼Ğ¾Ğ¶Ğ½Ğ¾ ÑĞºĞ°Ğ·Ğ°Ñ‚ÑŒ, ÑÑ‚Ñ€Ğ¸Ğ¼ Ñ‚ÑĞ¶ĞµĞ»Ñ‹Ğ¹, ÑĞºĞ¾Ñ€ĞµĞµ Ğ´Ñ€Ğ°Ğ¼Ğ°. Ğ­Ñ‚Ğ° Ñ‚Ñ€Ğ°Ğ½ÑĞ»ÑÑ†Ğ¸Ñ Ğ¾ÑÑ‚Ğ°Ğ²Ğ»ÑĞµÑ‚ Ğ¿Ğ¾ÑĞ»ĞµĞ²ĞºÑƒÑĞ¸Ğµ. Ğ¡Ğ¾Ğ²ĞµÑ€ÑˆĞµĞ½Ğ½Ğ¾ Ğ½Ğµ Ğ¶Ğ°Ğ»ĞºĞ¾ Ğ²Ñ€ĞµĞ¼ĞµĞ½Ğ¸. Ğ ĞµĞºĞ¾Ğ¼ĞµĞ½Ğ´ÑƒÑ! https://goo.su/z0zxEl",10/04/2013,Don't Starve Together,2239,Russo,15/05/2025,08:44:10
10386664,limmy,Limmy,"Mon-Fri, 09:30-13:30 (UK)",05/02/2010,The Elder Scrolls IV: Oblivion Remastered,2179,InglÃªs,15/05/2025,08:28:49
37278046,assentw,é˜¿æ£®,å¤§å®¶å¥½ æˆ‘æ˜¯é˜¿æ£®ï¼Œæ›¾ç¶“æ˜¯ä¸€ä½ä»»è·æ–¼é–ƒé›»ç‹¼çš„é›»ç«¶æ•™ç·´ï¼Œä¹Ÿæ˜¯ä¸€ä½åœ¨FPSé …ç›®ä¸Šçš„æ’­å ±å“¡ï¼Œç¾åœ¨æ˜¯ä¸€ä½åœ¨å¯¦æ³å°çš„å¤§å”ã€‚,29/10/2012,VALORANT,2105,ChinÃªs,15/05/2025,06:53:44
166279350,loeya,Loeya,Me 178cm tall pure muscle Swedish degen Viking monster. Live daily around 8AM CET. ,23/07/2017,Fortnite,2048,InglÃªs,15/05/2025,06:03:54
32053915,rivenzi,Rivenzi,"Je suis Rivenzi, Le pÃ¨re Castor breton qui vous permettra: aussi bien de vous dÃ©lecter de sujets d'Histoire, que de vous dÃ©goÃ»ter par son  level sur une multitude de jeux, une RÃ‰GALADE ! Rejoignez alors lâ€™Ã©popÃ©e de la communautÃ© des cerveaux !!!",11/07/2012,Kingdom Come: Deliverance II,2045,FrancÃªs,15/05/2025,08:01:50
29722828,never_loses,NeVeR_LosEs,å…«å¾·ç†Šå½ğŸ»å…«å¼·ADğŸ»åˆå£åˆå¸¥ğŸ»å¤§å®¶éƒ½æ„›ğŸ¦ğŸ¦ğŸ¦ï¼»å·¥ä½œé‚€ç´„æ´½è©¢ï¼½NLOUOsales@gmail.com,12/04/2012,Just Chatting,1956,ChinÃªs,15/05/2025,07:32:05
48082917,jokerdtv,JokerdTV,World first level 60 in Classic WoW,25/08/2013,World of Warcraft,1938,InglÃªs,15/05/2025,08:30:35
806386760,e36_kimitosu,ã‚­ãƒŸãƒˆã‚¹,ENTER FORCE.36 ã‚¹ãƒˆãƒªãƒ¼ãƒãƒ¼éƒ¨é–€ğŸ¥ä¸–ç•Œä¸€æ¥½ã—ã‚€ã‚²ãƒ¼ãƒ å®Ÿæ³âš“ï¸ ã‚¹ãƒˆã‚°ãƒ© MOZUä¸‰éšå ‚ã‚­ãƒŸãƒˆã‚¹,04/07/2022,Grand Theft Auto V,1932,JaponÃªs,15/05/2025,08:47:00
71897376,kettuncyukyuhei,ã‘ã£ã¤ã‚“,æ˜­å’Œç”Ÿã¾ã‚Œã®é›‘é£Ÿã‚²ãƒ¼ãƒãƒ¼ã§ã™ï¼¾ï½ï¼¾,25/09/2014,GeoGuessr,1888,JaponÃªs,15/05/2025,10:01:45
160504245,39daph,39daph,email inquiries at 39daph@loaded.gg,17/06/2017,Just Chatting,4574,InglÃªs,15/05/2025,04:58:07
865792830,kentsumeshi_heyoo,ã‘ã‚“ã¤ã‚ã—,FENNELæ‰€å±ã‚¯ãƒ©ãƒ­ãƒ¯ãƒ—ãƒ­ã‚²ãƒ¼ãƒãƒ¼YouTube22ä¸‡äººTwitterâ†’https://twitter.com/Kent_GolemeshiYouTubeâ¡https://www.youtube.com/@KENTSUMESHI1030,01/01/2023,Grand Theft Auto V,3004,JaponÃªs,15/05/2025,09:24:43
24765850,blusewilly_retry,é¤é¤è‡ªç”±é…,ä½ å¥½ï¼Œé€™è£¡æ˜¯æˆ‘çš„Twitché »é“ã€‚ä¸»è¦åˆ†äº«éŠæˆ²å¯¦æ³ï¼Œæ­¡è¿è·Ÿæˆ‘åˆ†äº«ä½ çš„éŒ¢ã€‚ã€€ã€€ã€€å¶æœ‰å„å¼é›œè«‡é–’èŠï¼Œè§€çœ¾äº’å‹•è«‹ä¿æŒåŸºæœ¬ç¦®å„€ï¼Œå¸Œæœ›å„ä½éƒ½èƒ½æœ‰èˆ’é©çš„è§€è³é«”é©—ã€‚,12/09/2011,Clair Obscur: Expedition 33,2485,ChinÃªs,15/05/2025,09:12:30
952340772,hiiragitsurugi,æŸŠãƒ„ãƒ«ã‚®,æ¯æ—¥é¢ç™½ã„é…ä¿¡ã‚’å¿ƒãŒã‘ã¦ã„ã¾ã™ï¼ï¼é…ä¿¡ã®åˆ‡ã‚ŠæŠœãã¯Youtubeã«ã¦,04/09/2023,VALORANT,6294,JaponÃªs,15/05/2025,10:24:17
501133928,rubenmartinweb,rubenmartinweb,FÃºtbol    ğŸ’œTwitchğŸ’œ   Esports,19/03/2020,Sports,3511,Espanhol,15/05/2025,07:00:18
603905457,rezreel,RezReel,Goated and caffeine addicted streamer. Hope you enjoy your stay at RezFam! | Business inquiries: rez@volos-agency.com,05/11/2020,Counter-Strike,3868,InglÃªs,15/05/2025,09:01:39
21390470,singsing,singsing,casual gamer from netherlands,28/03/2011,DOOM: The Dark Ages,1898,InglÃªs,15/05/2025,08:17:25
216781967,zabenafff,zabenafff,Ğ”Ğ›Ğ¯ Ğ¡ĞĞ¢Ğ Ğ£Ğ”ĞĞ˜Ğ§Ğ•Ğ¡Ğ¢Ğ’Ğ:civilianlite@gmail.com Ğ¸Ğ»Ğ¸ Ğ² Ñ‚Ğ³ Ğ¼ĞµĞ½ĞµĞ´Ğ¶ĞµÑ€Ñƒ @MNGzabenafff,25/04/2018,Delta Force,1794,Russo,15/05/2025,07:45:12
605221125,gerardromero,gerardromero,Periodista deportivo siguiendo el dÃ­a a dÃ­a del BarÃ§a. Cada dÃ­a directo a las 12h.,08/11/2020,Sports,4905,Espanhol,15/05/2025,09:55:53
268731435,cct_cs,CCT_CS,Champion of Champions,22/10/2018,Counter-Strike,3203,InglÃªs,15/05/2025,07:41:02
47124404,dunduk,Dunduk,"ĞœĞµĞ½Ñ Ğ·Ğ¾Ğ²ÑƒÑ‚ ĞĞ½Ğ´Ñ€ĞµĞ¹, Ğ¶Ğ¸Ğ²Ñƒ-Ğ¿Ğ¾Ğ¶Ğ¸Ğ²Ğ°Ñ 28 Ğ»ĞµÑ‚. Ğ˜Ğ³Ñ€Ğ°Ñ Ğ² Ğ¾ÑĞ½Ğ¾Ğ²Ğ½Ğ¾Ğ¼ Ğ² Ğ¢Ğ°Ñ€ĞºĞ¾Ğ². Ğ¡Ñ‚Ğ°Ñ€Ğ°ÑÑÑŒ Ğ¿Ğ¾Ğ´Ñ€ÑƒĞ±Ğ°Ñ‚ÑŒ ĞºĞ°Ğ¶Ğ´Ñ‹Ğ¹ Ğ´ĞµĞ½ÑŒ Ğ¿Ğ¾ÑĞ»Ğµ Ğ¾Ğ±ĞµĞ´Ğ°. Ğ¡Ñ‚Ñ€Ğ¸Ğ¼Ñ‹ - Ğ¼Ğ¾Ñ Ğ¾ÑĞ½Ğ¾Ğ²Ğ½Ğ°Ñ Ğ´ĞµÑÑ‚ĞµĞ»ÑŒĞ½Ğ¾ÑÑ‚ÑŒ. ĞŸĞ¾ Ğ²Ğ¾Ğ¿Ñ€Ğ¾ÑĞ°Ğ¼ ÑĞ¾Ñ‚Ñ€ÑƒĞ´Ğ½Ğ¸Ñ‡ĞµÑÑ‚Ğ²Ğ° - admin@tarkov.help Ğ¸Ğ»Ğ¸ https://vk.com/str1ker11. ĞÑÑ‚Ğ°Ğ»ÑŒĞ½Ñ‹Ğµ ÑÑ‚Ñ€Ğ°Ğ½Ğ¸Ñ†Ñ‹ - Ğ¼Ğ¾ÑˆĞµĞ½Ğ½Ğ¸ĞºĞ¸. ĞĞµ Ğ¿Ğ¸Ğ°Ñ€Ñ ĞºĞ¾Ğ½Ñ‚ĞµĞ½Ñ‚Ğ¼ĞµĞ¹ĞºĞµÑ€Ğ¾Ğ²",04/08/2013,Escape from Tarkov,2229,Russo,15/05/2025,07:43:22
652680562,predator_cc,PreDaTOR_cc,ğŸ”¥ Ğ¡Ñ‚Ñ€Ğ¸Ğ¼ Ñ ĞŸĞ. Ğ¿Ğ¾ ĞŸĞ¢. Ğ² 13:30 Ğ¿Ğ¾ ĞœĞ¡Ğš - Ğ˜Ğ³Ñ€Ğ°ĞµĞ¼ Ğ² ĞºÑ Ğ³Ğ¾ Ğ¸ ĞºĞ»Ğ°ÑÑĞ½Ğ¾ Ğ¿Ñ€Ğ¾Ğ²Ğ¾Ğ´Ğ¸Ğ¼ Ğ²Ñ€ĞµĞ¼Ñ - Ğ–Ğ”Ğ£ ĞšĞĞ–Ğ”ĞĞ“ĞğŸ”¥,19/02/2021,Counter-Strike,1942,Russo,15/05/2025,08:13:58
48946894,nitenightkid,NiteNightKid,Come join the Chillest Stream on the Planet with the Chillest Community!  I've been playing League of Legends since the game came out and peaked at Master Rank.,13/09/2013,League of Legends,2018,InglÃªs,15/05/2025,08:17:05
159498717,jinnytty,Jinnytty,"Welcome to my channel! I am Korean streamer who likes to do outdoor streaming, gaming, and also other fun contents! I speak three languages : English, Korean and Chinese. Hope you guys have fun watching my stream :) ",08/06/2017,Just Chatting,6710,InglÃªs,15/05/2025,07:29:01
38770961,dracon,Dracon,"Fast jeden Tag ab ca. 08:45 Uhr (+-30 Minuten) da. Hauptthemen: Energie- und Wirtschaftspolitik. Ich lese die Studien und GesetzentwÃ¼rfe, damit du es nicht musst. Schreibe regelmÃ¤ÃŸig an Quellen.tv",26/12/2012,Just Chatting,4091,AlemÃ£o,15/05/2025,06:37:44
63304572,glorious_e,Glorious_E,"Hey everyone! ima former competitive Semi Pro Pubg player, who have been playing Pubg in the highest level national and international. I Love Fps games - Currently an Escape from tarkov streamer.",28/05/2014,Escape from Tarkov,3471,InglÃªs,15/05/2025,06:33:11
20780251,hltvorg,HLTVorg,The home of competitive Counter-Strike. ,27/02/2011,Counter-Strike,2889,InglÃªs,15/05/2025,09:45:02
501538848,facudiazt,facudiazt,Buenos dÃ­as in the morning.,20/03/2020,Just Chatting,2522,Espanhol,15/05/2025,08:53:45
84413008,cinkrofwest,Cinkrofwest,0/14 lec 3x eum  Sprawy Biznesowe: cinkrof@stormmedia.gg / cinkrofofficial@gmail.com,05/03/2015,League of Legends,1868,PolonÃªs,15/05/2025,10:04:32
27107346,b0aty,B0aty,The waiting room for your favourite streamer //  Business inquiries: Adam@B0aty.com,30/12/2011,Old School RuneScape,2792,InglÃªs,15/05/2025,09:31:23
120198135,nats,nAts,"Hi there! My name is Aiaz Akhmetshin, but maybe you know me better as nAtsğŸ˜‰| âœ…Pro VALORANT player for Team Liquid  | âœ…Champion of Masters Berlin 2021 | âœ…2nd place VALORANT Champions 2021 | âEx CS-player | Business inquires- offnats@gmail.com |",29/03/2016,VALORANT,1849,InglÃªs,15/05/2025,10:07:21
737048563,anyme023,Anyme023,Central Slibard en mode gaming et cuisine des fois aussi ğŸ“© Anym@essor.ovh ,24/10/2021,Just Chatting,48968,FrancÃªs,20/05/2025,18:39:13
31239503,eslcs,ESLCS,Home of everything Counter-Strike,11/06/2012,Counter-Strike,48589,InglÃªs,20/05/2025,14:40:19
90075649,illojuan,IlloJuan,"Illo, soy Juan, tengo un canal en Youtube que se llama LMDShow y aquÃ­ hago directos de cosas. Soy de MÃ¡laga y llevo a mi espalda 30 aÃ±os de jolgorio.",02/05/2015,I Am Security,45037,Espanhol,20/05/2025,16:34:16
552120296,zackrawrr,zackrawrr,goat sex bird man,07/07/2020,Just Chatting,44982,InglÃªs,20/05/2025,18:01:09
188890121,dmitry_lixxx,Dmitry_Lixxx,ĞŸĞ¾Ñ‡Ñ‚Ğ° Ğ´Ğ»Ñ ÑĞ¾Ñ‚Ñ€ÑƒĞ´Ğ½Ğ¸Ñ‡ĞµÑÑ‚Ğ²Ğ° - lixxx@streamers-alliance.com / â„–5469627532,04/01/2018,Counter-Strike,37188,Russo,20/05/2025,10:15:48
50985620,papaplatte,Papaplatte,kleiner blonder freund,02/11/2013,IRL,34558,AlemÃ£o,20/05/2025,15:26:44
238813810,eliasn97,eliasn97,"GOTY 2021, 2022, 2023, 2024B4B GOTY",15/07/2018,Among Us 3D: VR,31897,AlemÃ£o,20/05/2025,16:32:20
63936838,mastu,Mastu,Futur roi des pirates,08/06/2014,Minecraft,22414,FrancÃªs,20/05/2025,18:14:39
207813352,hasanabi,HasanAbi,i'm a political commentator irl trying to avoid heated gaming moments,23/03/2018,Just Chatting,21205,InglÃªs,20/05/2025,18:03:43
135468063,antoinedaniel,AntoineDaniel,Et oui je suis lÃ ,26/09/2016,Among Us,19240,FrancÃªs,20/05/2025,17:45:22
77964394,ramzes,ramzes,Professional dota 2 player.Business inquires - ramzes666cooperation@mail.ru. My main chat https://t.me/Ramzesasd.,25/12/2014,Dota 2,19059,Russo,20/05/2025,09:57:46
39276140,rubius,Rubius,se contar hasta patata,12/01/2013,Fortnite,18983,Espanhol,20/05/2025,17:03:22
89132304,sasavot,sasavot,"ĞĞ´Ğ¸Ğ½Ğ¾ĞºĞ¸Ğ¹ Ñ‡ĞµĞ»Ğ¾Ğ²ĞµĞº Ğ½Ğ° ÑĞºĞ°Ğ»Ğµ ÑÑ‚Ğ¾Ğ¸Ñ‚, Ğ²Ğ·Ğ³Ğ»ÑĞ´Ğ¾Ğ¼ Ğ¿Ñ€Ğ¾Ğ½Ğ·Ğ°Ñ Ğ°Ğ»Ğ¾Ğµ Ğ½ĞµĞ±Ğ¾. Ğ“Ğ´Ğµ-Ñ‚Ğ¾ Ñ‚Ğ°Ğ¼, Ğ½Ğ° Ğ¿Ñ€Ğ¸Ğ±Ğ¾Ğµ, Ñ‡Ğ°Ğ¹ĞºĞ° ĞºÑ€Ğ¸Ñ‡Ğ¸Ñ‚, Ğ³Ğ´Ğµ-Ñ‚Ğ¾ Ğ»ÑĞ´Ğ¸ Ğ¿Ğ¾ÑÑ‚ Ğ½Ğ° Ñ€Ğ°ÑĞ¿ĞµĞ²Ñ‹. ĞÑƒ, Ğ° Ğ²ĞµÑ‚ĞµÑ€ Ğ»Ğ¸ÑˆÑŒ Ñ‚Ğ¸Ñ…Ğ¾ Ğ»Ğ¸ÑÑ‚Ğ²Ğ¾Ğ¹ ÑˆĞµĞ»ĞµÑÑ‚Ğ¸Ñ‚, ĞĞ½ ÑÑ‚Ğ¸Ñ€Ğ°ĞµÑ‚ Ñ Ñ‰ĞµĞºĞ¸ Ğ¾Ğ¼Ñ‹Ğ²Ğ°Ñ‚ĞµĞ»ÑŒ. ",21/04/2015,Cuphead,17976,Russo,20/05/2025,15:00:45
38759871,bysl4m,bySL4M,ĞšĞ Ğ˜Ğ’ĞĞ™ Ğ­Ğ¤Ğ˜Ğ  - Counter Strike,25/12/2012,Counter-Strike,17680,Russo,20/05/2025,15:00:13
403594122,zarbex,zarbex,GEIL GEMACHT ğŸ—£ï¸,22/12/2018,Night Club Simulator,17233,AlemÃ£o,20/05/2025,13:46:31
168116110,croissantstriketv,CroissantStrikeTV,Le meilleur de CS2 commentÃ© par un groupe de casus. ,03/08/2017,Counter-Strike,16169,FrancÃªs,20/05/2025,14:42:24
64342766,trymacs,Trymacs,Moin Leute! ,14/06/2014,PokÃ©mon Platinum Version,15952,AlemÃ£o,20/05/2025,13:45:18
23161357,lirik,LIRIK,"We like to play everything, relax, and have a good time. ",27/06/2011,Battlefield 1,14779,InglÃªs,20/05/2025,16:10:11
28141853,youngmulti,YoungMulti,"PoniedziaÅ‚ek, Wtorek, Czwartek - 18:00 | W sprawach biznesowych: multi@stormmedia.gg | Booking koncertowy: youngmulti@big-idea.eu",11/02/2012,Just Chatting,14737,PolonÃªs,20/05/2025,16:03:45
14371185,northernlion,Northernlion,Streaming Monday to Friday @ 9AM PT,05/08/2010,Super Mario Party Jamboree,12737,InglÃªs,20/05/2025,16:02:03
25722719,dakillzor,Dakillzor,My mom says i'm special so there is that.  A mix between randoms and competitive modes with lots of laughs but way more driving fails (: Business e-mail: Dakillzor@gmail.com,26/10/2011,World of Tanks,11936,InglÃªs,20/05/2025,18:37:38
496105401,byilhann,byilhann,je monte en haut Contact: byilhan.contact@gmail.com,29/02/2020,Minecraft,11673,FrancÃªs,20/05/2025,18:10:26
38244180,alanzoka,alanzoka,To sempre jogando alguma coisa aÃ­.  -   alanzoka@vandep.ag,05/12/2012,Deliver At All Costs,11017,PortuguÃªs,20/05/2025,18:22:11
851088609,dota2_paragon_ru,dota2_paragon_ru,Ğ¡Ğ¼Ğ¾Ñ‚Ñ€Ğ¸ Dreamleague Season 26 Ğ²Ğ¼ĞµÑÑ‚Ğµ Ñ Paragon Events Ğ¸ Winline!,25/11/2022,Dota 2,10797,Russo,20/05/2025,09:19:41
198182340,mrsavage,MrSavage,Pro Fortnite Player and Content Creator. 4x DreamHack winner. Code MRSAVAGE #ad.,24/02/2018,Fortnite,10641,InglÃªs,20/05/2025,15:52:16
108268890,gorgc,Gorgc,:),29/11/2015,Dota 2,10193,InglÃªs,20/05/2025,09:57:47
176480198,gtasty,gTasty,FÃ¼r Anfragen: gtastysponsoring@gmail.com,04/10/2017,Grand Theft Auto V,9663,AlemÃ£o,20/05/2025,16:01:17
36481935,esl_dota2,ESL_DOTA2,"Welcome to DreamLeague Season 26! 16 of the best Dota teams across the globe have gathered to provide 2 weeks of peak Dota as they fight over $1,000,000 USD and the 29200 EPT points available. You won't want to miss a second of the action as we take our last step towards the Esports World Cup 2025!",27/09/2012,Dota 2,9602,InglÃªs,20/05/2025,09:01:06
7601562,chess,Chess,Chess.com is the worldâ€™s #1 chess community with millions of chess players and fans. Join today!,06/08/2009,Chess,9577,InglÃªs,20/05/2025,14:56:24
86131599,lol_nemesis,lol_nemesis,perfection ,24/03/2015,League of Legends,9030,InglÃªs,20/05/2025,11:52:32
48189727,t2x2,T2x2,"ĞŸÑ€Ğ¸Ğ²ĞµÑ‚, Ñ ĞºÑ€ÑƒÑ‚Ğ¾Ğ¹! Ğ¡Ñ‚Ñ€Ğ¸Ğ¼Ğ»Ñ Ğ²ÑÑĞºĞ¾Ğµ Ñ€Ğ°Ğ·Ğ½Ğ¾Ğµ Ğ¸ Ğ±ÑƒĞ´Ñƒ Ğ¾Ñ‡ĞµĞ½ÑŒ Ñ€Ğ°Ğ´ Ñ‚ĞµĞ±Ñ Ğ²Ğ¸Ğ´ĞµÑ‚ÑŒ â¤ Business only: t2x2@gca.holdings | Ğ ĞšĞ - https://clck.ru/3FmMFU",27/08/2013,Beholder: Conductor,9001,Russo,20/05/2025,14:01:18
254030065,skywhywalker,skywhywalker,Ñ Ğ½Ğµ Ğ´ĞµĞ´ Ğ¸Ğ½ÑĞ°Ğ¹Ğ´ Ğ·Ğ°Ñ‡Ğ¸Ğ»ÑŒÑ‚ĞµÑÑŒ,01/09/2018,God of War RagnarÃ¶k,8928,Russo,20/05/2025,17:07:44
56649026,quin69,Quin69,Professional Kiwi Gamer.,12/02/2014,Valheim,8750,InglÃªs,20/05/2025,15:00:45
26921830,elajjaz,Elajjaz,"Never late, always deathless.",20/12/2011,Wolfenstein II: The New Colossus,8743,InglÃªs,20/05/2025,13:55:08
36769016,timthetatman,TimTheTatman,"Gamer, nerd, geek. Streaming mostly FPS/Whatevs/Yolo. Feel welcomed, talk to me, and be yourself. Welcome to the #tatmanarmy, one of the most interactive communities on twitch!",08/10/2012,Call of Duty: Warzone,8708,InglÃªs,20/05/2025,14:58:15
93179860,faiar,Faiar,Ã®mi place sÄƒ explorez internetul È™i vreau sÄƒ explorÄƒm internetul Ã®mpreunÄƒ,10/06/2015,Just Chatting,8375,Romeno,20/05/2025,16:50:38
73437396,bonjwa,Bonjwa,Bonjwa | Good Game. Have Fun.,20/10/2014,Just Chatting,8264,AlemÃ£o,20/05/2025,10:29:53
38121996,bastighg,BastiGHG,Nur Kompetenz,01/12/2012,Minecraft,7905,AlemÃ£o,20/05/2025,17:52:30
52345220,tisischubech,TisiSchubech,Einer schÃ¶ner als der Andere ,29/11/2013,EA Sports FC 25,7418,AlemÃ£o,20/05/2025,16:05:29
85498365,vedal987,vedal987,neuro-sama the ai vtuber,17/03/2015,Slay the Spire,7205,InglÃªs,20/05/2025,18:00:03
22484632,forsen,forsen,Approach with caution! No roleplaying or  tryharding allowed.,19/05/2011,PokÃ©Rogue,7193,InglÃªs,20/05/2025,14:02:19
50881182,aztecross,Aztecross,The only hammer Titan left in Destiny,30/10/2013,Destiny 2,7153,InglÃªs,20/05/2025,14:42:26
430023505,xrohat,xRohat,"Anfragen: Business@rohat.gg | xRohat streamt VALORANT, GTA V und Just Chatting ",14/04/2019,Grand Theft Auto V,7143,AlemÃ£o,20/05/2025,14:37:03
41809323,misterarther,MISTERARTHER,contact@misterarther.com,28/03/2013,Just Chatting,7093,InglÃªs,20/05/2025,17:09:44
100901794,shylily,Shylily,"Ahoy, I'm Lily. Professional Ocean Oreo Vtuber. This blubber covered Orcat goes Live pretty much every Day around 7pm (+/-2h) Amsterdam Time.  BUSINESS EMAIL: shylily@mythictalent.com",29/08/2015,Just Chatting,6995,InglÃªs,20/05/2025,17:25:41
567928581,mooda,mooda,the chosen one. ,16/08/2020,VALORANT,6628,InglÃªs,20/05/2025,16:40:47
141429177,flats,Flats,Top 500 Main Tank in Overwatch. Iâ€™m full time streaming for the foreseeable future starting daily at 1-2pm est. ,07/12/2016,Overwatch 2,6488,InglÃªs,20/05/2025,13:18:11
129625799,necros,Necros,"Fall seven times, stand up eight",15/07/2016,Marvel Rivals,6473,InglÃªs,20/05/2025,11:15:59
884745809,jordan_semih,Jordan_Semih,Willkommen auf unserem Kanal ,23/02/2023,IRL,6008,AlemÃ£o,20/05/2025,18:09:04
36717908,izakooo,IzakOOO,Oficjalny kanaÅ‚ Piotra 'izak' Skowyrskiego. Streamuje ciekawe mecze CS2 z polskiej i europejskiej sceny Counter-Strike 2.,07/10/2012,Counter-Strike,6007,PolonÃªs,20/05/2025,15:00:09
81918254,im_dontai,Im_Dontai,Welcome To Room 6 - A Strong Mental Goes Farther Than Money & Fame . Only once Iâ€™m gone will you understand why my energy attracted so many. ğŸ‘ğŸª 18/3 ~ SYX,06/02/2015,IRL,5719,InglÃªs,20/05/2025,18:04:46
85800130,etoiles,Etoiles,"Etoiles : Nuit de la culture, minecraft, smash et multigaming entre amis !",22/03/2015,Just Chatting,5388,FrancÃªs,20/05/2025,16:35:14
101175894,auziomf,AuzioMF,EAFC Content Creator ğŸ˜ auziomf@gmail.com,01/09/2015,EA Sports FC 25,5384,InglÃªs,20/05/2025,17:11:50
97552124,freneh,Freneh,Ciao mi chiamo Alessandro ho 23 anni ed ho forti disturbi alla testa,28/07/2015,Tom Clancy's Rainbow Six Siege,5283,Italiano,20/05/2025,18:23:44
42120892,swid,Swid,Humour et non contenu ( la boucle ). Tarkov a pris mon Ã¢me depuis 2017 en dÃ©tente. Â Â Â Â                                                                                                                        contact: leswidpro@gmail.com,05/04/2013,Escape from Tarkov,5262,FrancÃªs,20/05/2025,10:41:54
270698079,mazellovvv,mazellovvv,Ğ¸ÑĞºÑ€ĞµĞ½Ğ½Ğ¾ÑÑ‚ÑŒ ÑÑ‚Ğ¾ ĞºÑ€Ğ°ÑĞ¸Ğ²Ğ¾ áƒ¦  / tg - https://t.me/mazellovvv / Business only: mazellovvv@gca.holdings / Ğ ĞšĞ - https://clck.ru/3G6SEC,29/10/2018,R.E.P.O.,5132,Russo,20/05/2025,14:00:43
40972890,admiralbahroo,AdmiralBahroo,"Home of the panda emotes! We are a comfy laid back stream, with a focus on variety games. Post rooSitF ",04/03/2013,Desktop Survivors 98,4985,InglÃªs,20/05/2025,15:00:59
25093116,fl0m,fl0m,"I play CS:GO for Mythic, and I stream mostly competitive play.  If you enjoy my stream, please follow the channel!",26/09/2011,Counter-Strike,4817,InglÃªs,20/05/2025,15:55:05
180118013,hutchmf,HutchMF,Bryce Hutchinson Better Known As HutchMF. For Business Inquiries. Email-hutch@loaded.gg,02/11/2017,Grand Theft Auto V,4787,InglÃªs,20/05/2025,14:09:22
63614185,snailkick,SNAILKICK,Ğ¡Ğ¾ Ğ¼Ğ½Ğ¾Ğ¹ Ñ‚Ñ‹ Ğ¿Ğ¾ÑĞ¼Ğ¾Ñ‚Ñ€Ğ¸ÑˆÑŒ Ğ»ÑĞ±ÑƒÑ Ğ´Ñ€ÑĞ½ÑŒ. Ğ ĞµĞ³Ğ¸ÑÑ‚Ñ€Ğ°Ñ†Ğ¸Ñ Ğ² Ğ¿ĞµÑ€ĞµÑ‡Ğ½Ğµ Ğ ĞšĞ: https://knd.gov.ru/license?id=672df650c5bfde2b16a8816b&amp;registryType=bloggersPermission,03/06/2014,Just Chatting,4757,Russo,20/05/2025,16:03:32
499928989,tck10,TcK10,ABSOLUTAMENTE O MAIOR BÃCEPS DA TWITCH. STREAM TODOS OS DIAS SEM EXCEÃ‡ÃƒO DE MANHÃƒ E TARDE E NOITE.,16/03/2020,VALORANT,4756,PortuguÃªs,20/05/2025,13:04:22
568747744,grenbaud,GrenBaud,"youtuber, tiktoker e cantante. faccio tante cose, tutte rigorosamente male.",17/08/2020,Just Chatting,4731,Italiano,19/05/2025,19:14:47
83174797,zafeel,zafeel,Je fais des vidÃ©os et des streams quand je dors pas | mail : collaboration.zafeel@gmail.com,19/02/2015,Minecraft,4665,FrancÃªs,20/05/2025,17:00:52
59799994,gabepeixe,gabepeixe,Estamos de volta e agora na Loud para trazer o melhor conteudo para vcs! S2 - Contato: gabepeixe@gabepeixe.com,28/03/2014,Just Chatting,4551,PortuguÃªs,20/05/2025,18:18:31
656099497,schradin,SCHRADIN,"Seid dabei und rastet mit mir aus! TV-Moderator und ganz normaler Typ (kein SÃ¤nger, kein Reality Star, kein Bachelor) Business-Anfragen: schradin@ciberdime.com",28/02/2021,Night Club Simulator,4520,AlemÃ£o,20/05/2025,14:26:21
48201326,missmikkaa,MissMikkaa,"Chill variety stream with focus on single player games. Entertainment for the chatter and the lurker. I like to do crazy challenge runs, especially in Elden Ring. Won Soulslike Streamer of the Year! Also, I have a Shiba Inu. ",27/08/2013,ELDEN RING,4508,InglÃªs,20/05/2025,13:28:39
56040562,xthesolutiontv,xTheSolutionTV,http://www.youtube.de/xTheSolution,02/02/2014,Among Us,4482,AlemÃ£o,20/05/2025,13:25:05
642507225,aldi_gaming_tv,ALDI_Gaming_TV,"Ein echter Gamechanger: ALDI Gaming. Ab jetzt stehen wir nicht mehr nur fÃ¼r unschlagbare Preise und QualitÃ¤t â€“ wir machen auch dein Game unschlagbar! Von Streams und Tutorials bis zu Angeboten und Events â€“ hier findest du bald alles, was du fÃ¼r dein Spielerlebnis brauchst.",28/01/2021,Neighbors: Suburban Warfare,4344,AlemÃ£o,20/05/2025,16:46:41
117546026,chesscomfr,ChesscomFR,Echecs en franÃ§ais!,02/03/2016,Chess,4031,FrancÃªs,20/05/2025,15:01:55
135385636,deepins02,deepins02,Ñ‚Ğ¾ Ñ‚Ñ‹ ÑÑ‚Ğ¾ Ñ Ğ¸ĞµĞ¶Ğ´Ñƒ Ğ½Ğ°Ğ¼Ğ¸ Ğ¼Ğ¾Ğ»Ğ½Ğ¸Ñ Ğ¿Ğ¾Ñ‡Ñ‚Ğ° - deepins02twitch@gmail.com // deepins02@gca.holdings https://clck.ru/3FD9eZ,25/09/2016,Just Chatting,17001,Russo,20/05/2025,16:06:14
77415295,jasper7se,Jasper7se,1999 11 27 23æ­³ ä½¿ç”¨ã—ã¦ã„ã‚‹æ¥½æ›² BGMhttps://www.youtube.com/c/NoCopyrightSounds/videoshttps://www.youtube.com/channel/UCfLovs3hldJ496uPizAgYaA ã‚¹ã‚³ãƒ©ãƒœãƒ©ã‚¤ã‚»ãƒ³ã‚¹ã«ã¤ã„ã¦https://license.sucolab.jp/0187aeb6-2b3d-50b2-1671-14ca173f3c92,17/12/2014,VALORANT,7352,JaponÃªs,20/05/2025,11:52:24
663995665,frametamer666,frametamer666,FRAME TAMER  ĞŸĞ¾ Ğ²Ğ¾Ğ¿Ñ€Ğ¾ÑĞ°Ğ¼ ÑĞ¾Ñ‚Ñ€ÑƒĞ´Ğ½Ğ¸Ñ‡ĞµÑÑ‚Ğ²Ğ° Ğ¿Ğ¸ÑĞ°Ñ‚ÑŒ tiktoktamer@yandex.ru https://www.gosuslugi.ru/snet/677fd86e4de6c368456d4e54,18/03/2021,Minecraft,6811,Russo,20/05/2025,16:25:54
26610234,cohhcarnage,CohhCarnage,"Happy, helpful and respectful people welcome. Come say hello!",06/12/2011,Enshrouded,6399,InglÃªs,20/05/2025,17:06:56
422417281,rezonfn,rezonfn,Yo bin lennzmann FC GEGEN GRIPEY,09/03/2019,Fortnite,5534,AlemÃ£o,20/05/2025,17:04:50
175787099,irissiri129,è‰¾æ€¡,Hi Iâ€™m iris ,28/09/2017,Just Chatting,5308,,20/05/2025,15:53:19
242209549,bugalalla,Bugalalla,"Ciao persone dellâ€™internet! Sono una studentessa e aspirante criminologa, vi porto approfondimenti sui casi di cronaca italiana attuali, storie True Crime dal mondo, serial, interviste... sempre con un'attenta analisi della psicologia dei personaggi! Info e collaborazioni: press@twitch-crime.com",26/07/2018,Just Chatting,4702,Italiano,20/05/2025,17:53:06
549653218,baitybait,BaityBait,"En palabras de Shigeru Miyamoto (Creador de Minecraft): ""Es un desgraciado"". Soy un creador de contenido que utiliza los videojuegos como excusa para hacer humor. Hablo de videojuegos en diferentes plataformas, pero sobre todo en formato vÃ­deo",30/06/2020,Just Chatting,4667,Espanhol,20/05/2025,17:19:40
459331509,auronplay,auronplay,feliz pero no mucho ,03/09/2019,Party Animals,21159,Espanhol,20/05/2025,16:11:19
128440061,zentreya,Zentreya,"ã€ VARIETY STREAMER VTUBER ã€‘ ã€âš¡ THE CYBER PUNK  / ROCKIN RED DRAGON ğŸ”¥ ã€‘. I have an amazing community, stop by, say hi! Hope you enjoy watching and have fun! ( BUSINESS INQUIRES : zentreya@unitedtalent.com  / zentreya@outlook.com )",03/07/2016,Just Chatting,11350,InglÃªs,20/05/2025,15:00:53
181718577,guacamolemolly,GUACAMOLEMOLLY,â„– 5557945467,13/11/2017,Just Chatting,7358,Russo,20/05/2025,18:03:33
82197170,ewroon,EWROON,Heh,08/02/2015,Just Chatting,6401,PolonÃªs,20/05/2025,17:04:34
884930411,cs2_paragon_ru,cs2_paragon_ru,ĞĞ°ÑĞ»Ğ°Ğ¶Ğ´Ğ°Ğ¹ÑÑ IEM Dallas 2025 Ğ²Ğ¼ĞµÑÑ‚Ğµ Ñ Paragon Events Ğ¸ Winline!,24/02/2023,Counter-Strike,5667,Russo,20/05/2025,15:08:37
715007052,kussia88,kussia88,Ğ¢Ğ•Ğ›Ğ•Ğ“Ğ ĞĞœĞœ- (https://t.me/KussiaOfficial) Ğ¡ĞĞ¢Ğ Ğ£Ğ”ĞĞ˜Ğ§Ğ•Ğ¡Ğ¢Ğ’Ğ - ( vvovv.ru@gmail.com )(https://t.me/xwhitewx) ,06/08/2021,Just Chatting,4391,Russo,20/05/2025,16:00:33
172643869,watchfultv,watchfulTV,"Ğ¯Ñ€Ğ¸Ğº Ğ²Ğ¾Ñ‡Ñ„ÑƒĞ», ÑĞ¼Ğ¾Ñ‚Ñ€Ñ Ñ‚ÑƒÑ€Ğ¸ĞºĞ¸ğŸŒTG: @watchsms / watchfulcast@gmail.comğŸŒĞ ĞšĞ: clck.ru/3GQcPz",02/09/2017,Counter-Strike,2807,Russo,20/05/2025,09:29:26
181077473,gaules,Gaules,"Mais um guerreiro da Maior Tribo do Mundo! Atuei como jogador profissional de CS por quase uma dÃ©cada, fui o primeiro treinador a ser campeÃ£o do mundo em 2007 com o MIBR. Acertei um pouco, errei muito, ganhei bastante coisa e tbm perdi demais! Atualmente faÃ§o live todos os dias aqui na Twitch! ",09/11/2017,Counter-Strike,19357,PortuguÃªs,20/05/2025,14:51:30
818506560,gocchanmikey,ã”ã£ã¡ã‚ƒã‚“ãƒã‚¤ã‚­ãƒ¼,@CrazyRaccoon406 ã‚¹ãƒˆãƒªãƒ¼ãƒãƒ¼éƒ¨é–€æ‰€å±ã€€ã‚²ãƒ¼ãƒ ãŒå¤§å¥½ãã€ç‰¹ã«èª°ã‹ã¨ã‚„ã‚‹ã‚²ãƒ¼ãƒ ğŸ®ğŸ¤ğŸ–¤#ã”ã¡ã‚ƒãƒã‚¤ã€€#ã‚¹ãƒˆã‚°ãƒ©ã€€#é¤¡ãƒ–ãƒ¬ãƒ©,18/08/2022,Grand Theft Auto V,6904,JaponÃªs,20/05/2025,12:45:24
113622995,bulkinlive,bulkinlive,ĞŸĞ¾ Ñ€ĞµĞºĞ»Ğ°Ğ¼Ğµ Ğ¸ ÑĞ¾Ñ‚Ñ€ÑƒĞ´Ğ½Ğ¸Ñ‡ĞµÑÑ‚Ğ²Ñƒ:  Telegram: @bato_media ; Whatsapp: +7 991 706 5725  Ğ ĞµĞµÑÑ‚Ñ€: https://clck.ru/3G3NFS,23/01/2016,IRL,4763,Russo,20/05/2025,18:39:18
887001013,nico_la,Nico_la,Ah gars ca stream ici ğŸ¤¤,03/03/2023,Minecraft,7033,FrancÃªs,20/05/2025,18:49:16
163836275,lord_kebun,Lord_Kebun,Here to make you laugh and bring good vibes! ,10/07/2017,Grand Theft Auto V,6443,InglÃªs,20/05/2025,18:40:23
15564828,nickmercs,NICKMERCS,"Former MLG National Champion. A fellow gym rat, who streams mostly Competitive Shooters! Thank you all so much for your continued support. Follow the stream and my Twitter account to be notified when I will be going live - @Nickmercs ",13/09/2010,Call of Duty: Warzone,6114,InglÃªs,20/05/2025,18:24:21
723361024,rootthegamer,rootthegamer,"Ben Ã–zgÃ¼r! Eski Profesyonel esporcu, ÅŸimdilerin espor sunucusu, yayÄ±ncÄ±sÄ±, danÄ±ÅŸmanÄ± & oyun dÃ¼nyasÄ±na kendini kaptÄ±rmÄ±ÅŸ bir oyun severim. FPS oynar, maÃ§ sunar, espor konuÅŸur, seviyeli bir yayÄ±n vadederim.",02/09/2021,Counter-Strike,5478,Turco,20/05/2025,14:59:26
75738685,insym,Insym,I like video games - Business email: insym@ggtalentgroup.com,22/11/2014,Car Dealer Simulator,4511,InglÃªs,20/05/2025,17:08:42
38411875,jonahveil,JonahVeil,A hardcore MMO/Survival Gamer hailing from the days of Ultima Online and Darkfall. We'll stream anything but that is usually the focus. For Business Inquiries - Email - jonahvtv@gmail.com,12/12/2012,Warborne: Above Ashes,234,InglÃªs,20/05/2025,18:08:04
224539819,aussieantics,AussieAntics,Australian Content Creator for Dignitas,20/05/2018,Fortnite,4719,InglÃªs,20/05/2025,16:49:21
43784278,tomato,Tomato,Sometimes I do a thing here. It used to be somewhere else but now it's here again. Contact me through my assistant Katey at tomatoandbusiness@gmail.com,20/05/2013,Drive Beyond Horizons,4395,InglÃªs,20/05/2025,17:30:54
52803405,hugodelire,HugoDelire,"Homme super beau mais mauvaise haleine malheureusement, DJ Hugod pour les intimes !",07/12/2013,Just Chatting,4195,FrancÃªs,20/05/2025,17:22:18
77913099,ifrostbolt,IFrostBolt,"I focus on providing good gameplay along with some of my random personality ontop of it. On the mission to build a community filled with chill vibes, laughs, and positive friends. ",25/12/2014,Destiny 2,2787,InglÃªs,20/05/2025,15:37:53
60672785,robinsongz,robinsongz,quiet streamer,12/04/2014,Teamfight Tactics,4431,InglÃªs,20/05/2025,16:54:33
50160915,esl_dota2ember,ESL_Dota2Ember,"Welcome to DreamLeague Season 26! 16 of the best Dota teams across the globe have gathered to provide 2 weeks of peak Dota as they fight over $1,000,000 USD and the 29200 EPT points available. You won't want to miss a second of the action as we take our last step towards the Esports World Cup 2025!",14/10/2013,Dota 2,4076,InglÃªs,20/05/2025,09:31:15
27115917,kamet0,Kamet0,French Independant Streamer from Corbeil-Essonnes. Contact @KametoTV on Twitter or per email :  kametocorp@gmail.com,30/12/2011,Just Chatting,11430,FrancÃªs,20/05/2025,19:05:52
77827128,tumblurr,Tumblurr,"Provo a portare una nuova visione di Cod qui in Italia,o almeno ci provo!",23/12/2014,Just Chatting,21959,Italiano,20/05/2025,19:13:34
821717189,ilrossopiubelloditwitch,ilrossopiubelloditwitch,Lele adani mi ha rubato il profilo,30/08/2022,Just Chatting,4168,Italiano,20/05/2025,19:05:05
259710795,pelaajatcom,pelaajatcom,Hermeettiset pelilÃ¤hetykset & tuoreimmat uutiset eurheilusta,17/09/2018,Counter-Strike,3773,FinlandÃªs,20/05/2025,14:53:48
147927227,aspen,Aspen,I play a lot of Overwatch. pfp by slime_girll on twitter,16/02/2017,Overwatch 2,4285,InglÃªs,20/05/2025,18:02:22
32155044,5opka,5opka,Ğ”Ğ²ÑƒĞºÑ€Ğ°Ñ‚Ğ½Ñ‹Ğ¹ Ğ¼ĞµĞ¼ Ğ³Ğ¾Ğ´Ğ° â„– 5067382430,15/07/2012,Just Chatting,4164,Russo,20/05/2025,18:09:15
155601320,jltomy,JLTomy,j'sais pas ce que j'fout la -  contact@jltomy.com,03/05/2017,Just Chatting,5568,FrancÃªs,20/05/2025,19:16:22
431146848,desst3,DessT3,Holaaaaaaa Muy buenas a todos aqui Christian444HD!! espero que os lo pasÃ©is mazo de bien!!!!,20/04/2019,Grand Theft Auto V,4265,Espanhol,20/05/2025,18:25:55
123182260,hiswattson,HisWattson,ALGS MVP | Former Rank 1 Apex Predator | Business: hiswattson@epictalent.gg,01/05/2016,Apex Legends,4170,InglÃªs,20/05/2025,14:13:19
23220337,emongg,Emongg,   ,01/07/2011,Overwatch 2,4082,InglÃªs,20/05/2025,10:39:57
622580525,nykchazza,NYKchazza,just a large man that plays games with his mates ,18/12/2020,IRL,4174,InglÃªs,20/05/2025,19:08:40
598462554,lestwins,LesTwins,Le Club House du Twins FC ! On s'appelle Liam & Vincent :) ,21/10/2020,EA Sports FC 25,4073,FrancÃªs,20/05/2025,16:41:53
432689780,ravusssss,ravusssss,Ravussssssssssssssss !!!!  Mail Pro :  ravusssss.pro@outlook.com,27/04/2019,Grand Theft Auto V,3973,FrancÃªs,20/05/2025,17:55:27
89600394,therealmarzaa,TheRealMarzaa,Email Commerciale: marzaa@anc-network.com,26/04/2015,Just Chatting,4339,Italiano,20/05/2025,19:20:59
141477796,iltw1,iltw1,Ğ½Ğ¾Ğ¼ĞµÑ€ Ñ€ĞµĞ³Ğ¸ÑÑ‚Ñ€Ğ°Ñ†Ğ¸Ğ¸ ÑÑ‚Ñ€Ğ°Ğ½Ğ¸Ñ†Ñ‹ â„– 5323266684,08/12/2016,Dota 2,4208,Russo,20/05/2025,19:02:48
30623831,quickybaby,QuickyBaby,QuickyBaby has been sharing his passion for video games full time on Twitch since 2012. Famed for an analytical approach laced with wit that his community has bonded deeply with. Join him and find out why thousands keep tuning daily for his streams.,18/05/2012,World of Tanks,4042,InglÃªs,20/05/2025,09:58:24
777707810,zubarefff,zubarefff,Ğ¡Ğ¾Ñ‚Ñ€ÑƒĞ´Ğ½Ğ¸Ñ‡ĞµÑÑ‚Ğ²Ğ¾/Partnership -  ad@zubarefff.com,05/03/2022,The Last of Us Part II: Remastered,5490,Russo,20/05/2025,19:45:32
20992865,grubby,Grubby,"I love gaming the most when it is a shared experience with others. Coming together for an appreciation of gaming, competition and self improvement is what my stream is all about. Youâ€™re welcome to be a part of this community - drop a follow and stay and chill with us. GL & HF! ",09/03/2011,Warcraft III,4194,InglÃªs,20/05/2025,18:13:25
85397463,noway4u_sir,NoWay4u_Sir,"Highelo League of Legends Content, schlechte Scherze und gemÃ¼tliche Stimmung! | Businessemail : noway@ins.gg",16/03/2015,League of Legends,6195,AlemÃ£o,20/05/2025,19:40:49
124604785,kragiee,kragiee,gr (good round),19/05/2016,Marvel Rivals,3606,InglÃªs,20/05/2025,07:01:20
72556476,esl_dota2earth,ESL_Dota2Earth,"Welcome to DreamLeague Season 26! 16 of the best Dota teams across the globe have gathered to provide 2 weeks of peak Dota as they fight over $1,000,000 USD and the 29200 EPT points available. You won't want to miss a second of the action as we take our last step towards the Esports World Cup 2025!",06/10/2014,Dota 2,4849,InglÃªs,20/05/2025,09:28:05
105584645,zoomaa,Zoomaa,Pro Gamer to Content Creator // @FaZeClan // @TheFlank // #ZooMafia,29/10/2015,Call of Duty: Black Ops 6,4534,InglÃªs,20/05/2025,19:22:46
898529941,dota2_paragon_ru4,dota2_paragon_ru4,ĞĞ°ÑĞ»Ğ°Ğ¶Ğ´Ğ°Ğ¹ÑÑ Dreamleague Season 26 Ğ²Ğ¼ĞµÑÑ‚Ğµ Ñ Paragon Events Ğ¸ Winline!,11/04/2023,Dota 2,9131,Russo,20/05/2025,09:27:58
411377640,jynxzi,Jynxzi,BUSINESS EMAIL: jynxzi@rightclick.gg,22/01/2019,Clash Royale,10966,InglÃªs,20/05/2025,20:00:33
211234859,adapt,Adapt,BEST TRICKSHOTTER EVER. FAZE CLAN.,03/04/2018,Just Chatting,8636,InglÃªs,20/05/2025,19:58:14
407837457,rebeudeter,RebeuDeter,Si tu as loupÃ© un live mon ami : RebeuDeter 2.0 ou RebeuDeter VOD sur youtube ! Et pour toute demande de collaboration / partenariat : BillyLeMaxiBG@gmail.com,08/01/2019,Just Chatting,7896,FrancÃªs,20/05/2025,19:57:00
36594525,emilyywang,emilyywang,"I stream TFT 5-6x a week! I also play valorant, community games and piano from time to time!Business Inquiries: emilyywang@loaded.gg",02/10/2012,Teamfight Tactics,6315,InglÃªs,20/05/2025,19:50:21
26490481,summit1g,summit1g,I'm a variety streamer(kind of). Been streaming since 2012(ish). I'm 100% better than you at shooting and puzzle games. I tweet when I go live @summit1g on Twitter.,01/12/2011,Grand Theft Auto V,5971,InglÃªs,20/05/2025,19:38:35
109809539,lilsimsie,lilsimsie,small sims girl (she/her),18/12/2015,The Sims 4,5603,InglÃªs,20/05/2025,20:00:19
787177590,k1nzxn1kki,K1NZxN1KKI,.,11/04/2022,Counter-Strike,4287,Russo,20/05/2025,19:45:39
121555768,teknoyd,teknoyd,Non ci sono parole per descrivere il DELIRIO che vivrai con NOI !,11/04/2016,Just Chatting,4293,Italiano,20/05/2025,19:37:53
35739604,rekkles,Rekkles,King in the North since 2012 â€¢ INQUIRIES â†’ REKKLES@YUMETALENT.GG,26/08/2012,League of Legends,3518,InglÃªs,20/05/2025,13:01:47
200186636,hitch,Hitch,Hey I'm Trevor. I hitchhike and I bike,01/03/2018,Just Chatting,3344,InglÃªs,20/05/2025,10:02:17
494543675,lacy,Lacy,Lacy streams everything. ,23/02/2020,Just Chatting,14739,InglÃªs,20/05/2025,20:25:33
100793155,smittystone,SmittyStone,Least Unhinged Streamer | Business Inquires - Smittystonetv@gmail.com,28/08/2015,Fortnite,4602,InglÃªs,20/05/2025,20:05:09
132199022,dvm_medja,DVM_Medja,Mail : dvmedjalive@gmail.com,14/08/2016,Grand Theft Auto V,3846,FrancÃªs,20/05/2025,19:36:28
71092938,xqc,xQc,THE BEST AT ABSOLUTELY EVERYTHING. THE JUICER. LEADER OF THE JUICERS.,12/09/2014,Just Chatting,9309,InglÃªs,20/05/2025,20:33:42
1019733647,marlon,Marlon,Bunezzz: marlon@r-m.art,17/01/2024,Just Chatting,7726,InglÃªs,20/05/2025,20:34:16
632564662,chibidoki,chibidoki,â™¡ im loud and want to be your friend â™¡ STREAMS: Wed-Sun @ 4PM CST | BUSINESS: chibi@mythictalent.com,07/01/2021,Just Chatting,4364,InglÃªs,20/05/2025,19:45:43
50393229,tankzor,tankzor,Any business inquiries/Ğ ĞµĞºĞ»Ğ°Ğ¼Ğ° - tg @shelovesmeiknow d:-),19/10/2013,Counter-Strike,4070,Russo,20/05/2025,18:29:02
87481167,voodoosh,VooDooSh,"https://rknn.link/uQ - Ğ ĞµĞ³Ğ¸ÑÑ‚Ñ€Ğ°Ñ†Ğ¸Ñ Ğ² Ğ ĞšĞ. Ğ”Ğ¾Ğ±Ñ€Ğ¾ Ğ¿Ğ¾Ğ¶Ğ°Ğ»Ğ¾Ğ²Ğ°Ñ‚ÑŒ, ÑÑ‚Ñ€Ğ¸Ğ¼ĞµÑ€Ğ° Ğ·Ğ¾Ğ²ÑƒÑ‚ ĞĞ»ĞµĞºÑĞ°Ğ½Ğ´Ñ€. Ğ˜ Ğ¾Ğ½ Ğ¾Ñ‡ĞµĞ½ÑŒ ÑÑ‚Ğ°Ñ€Ğ°ĞµÑ‚ÑÑ, Ñ‡Ñ‚Ğ¾Ğ±Ñ‹ Ñ‚ĞµĞ±Ğµ Ñ‚ÑƒÑ‚ Ğ±Ñ‹Ğ»Ğ¾ Ñ…Ğ¾Ñ€Ğ¾ÑˆĞ¾! ĞŸĞ¾ Ğ²Ğ¾Ğ¿Ñ€Ğ¾ÑĞ°Ğ¼ Ñ€ĞµĞºĞ»Ğ°Ğ¼Ñ‹ Ğ¸ Ğ¿Ñ€ĞµĞ´Ğ»Ğ¾Ğ¶ĞµĞ½Ğ¸ÑĞ¼ : ĞŸĞ¾Ñ‡Ñ‚Ğ°: voodoosh@gca.holdings",04/04/2015,Heroes of Might and Magic III: The Restoration of Erathia,3984,Russo,20/05/2025,20:16:42
147788533,santadoto,santadoto,ĞĞ»ĞµĞºÑĞ°Ğ½Ğ´Ñ€. 35 Ğ»ĞµÑ‚. ĞĞ»Ğ¼Ğ°Ñ‚Ñ‹. Ğ¡Ğ±Ñ€Ğ¾ÑĞ¸Ğ» 50 ĞºĞ³. Ğ’ Ğ´Ğ¾Ñ‚Ğµ 20+ Ğ»ĞµÑ‚. Ğ‘Ñ‹Ğ²ÑˆĞ¸Ğ¹ Ğ¿Ñ€Ğ¾ Ğ¿Ğ»ĞµĞµÑ€. Ğ˜Ğ³Ñ€Ğ°Ğ» Ğ² Virtus Pro. Ğ—Ğ°Ğ½ÑĞ» Ğ¿ÑÑ‚Ğ¾Ğµ Ğ¼ĞµÑÑ‚Ğ¾ Ğ½Ğ° Ğ¿ĞµÑ€Ğ²Ğ¾Ğ¼ The International Ğ² ÑĞ¾ÑÑ‚Ğ°Ğ²Ğµ M5. Ğ Ğ°Ğ±Ğ¾Ñ‚Ğ°Ğ» Ğ½Ğ° RuHub. Ğ£Ñ‡Ğ°ÑÑ‚Ğ½Ğ¸Ğº Ğ²ÑĞµÑ… Ğ¡Ñ‚Ñ€Ğ¸Ğ¼Ñ…Ğ°Ñ‚ Ğ”Ñ€ĞµĞ´Ğ°. Ğ ĞµĞ·Ğ¸Ğ´ĞµĞ½Ñ‚ Ğ¡Ñ‚Ğ°Ñ€Ğ¿ĞµÑ€Ñ…Ğ°Ğ±Ğ°. ĞĞ° Ğ´Ğ°Ğ½Ğ½Ñ‹Ğ¹ Ğ¼Ğ¾Ğ¼ĞµĞ½Ñ‚ Ñ€Ğ°Ğ±Ğ¾Ñ‚Ğ°Ñ Ğ°Ğ½Ğ°Ğ»Ğ¸Ñ‚Ğ¸ĞºĞ¾Ğ¼ Ğ² ÑÑ‚ÑƒĞ´Ğ¸Ğ¸ Paragon Events.,14/02/2017,Dota 2,2493,Russo,20/05/2025,17:56:19
867706759,valorant_northamerica,VALORANT_NorthAmerica,"In 2025, ACE VALORANT Challengers NA has exciting changes including the increase to 16 teams competing and introduction of 3 stages throughout the competitive year. Each stage will include a Group Stage and conclude with Playoffs, where teams can earn circuit points toward their spot in Ascension.",06/01/2023,VALORANT,4245,InglÃªs,20/05/2025,19:30:47
228371036,suetam1v4,suetam1v4,"Oi, sou jogador profissional, influenciador e streamer, fazendo live pelo sorriso e entretenimento do pÃºblico. Todos os dias as 17:00 contato: suetam@alcanceplus.com",03/06/2018,Fortnite,4025,PortuguÃªs,20/05/2025,20:09:47
26008371,toniki,Toniki,"En este canal jugamos Overwatch y Marvel Rivals!! AsÃ­ que si te gustan estos juegos, este es tu sitio!",08/11/2011,Overwatch 2,3967,Espanhol,20/05/2025,14:40:41
170934291,jacklooney,JackLooney,ĞŸĞ¾ Ğ²Ğ¾Ğ¿Ñ€Ğ¾ÑĞ°Ğ¼ ÑĞ¾Ñ‚Ñ€ÑƒĞ´Ğ½Ğ¸Ñ‡ĞµÑÑ‚Ğ²Ğ° Ñ‚Ğ³ @InfInflBot Ğ ĞšĞ - https://clck.ru/3MAytG,22/08/2017,Hearthstone,3879,Russo,20/05/2025,18:13:51
60978448,dogdog,dogdog,Just a dog,16/04/2014,Hearthstone,3866,InglÃªs,20/05/2025,16:30:53
35958947,squeex,Squeex,live sometimes at 4PM EST,04/09/2012,Moral Dilemma: The Interview,4614,InglÃªs,20/05/2025,20:25:38
120244187,aydan,Aydan,"26 year old, slim thicc entertainer looking to give the best viewing experience possible!",29/03/2016,Call of Duty: Warzone,4339,InglÃªs,20/05/2025,19:15:43
563908141,joe_bartolozzi,Joe_Bartolozzi,I stream things ,07/08/2020,Manivore,4183,InglÃªs,20/05/2025,20:40:47
657644821,cs2_maincast,cs2_maincast,"Maincast â€” ÑƒĞºÑ€Ğ°Ñ—Ğ½ÑÑŒĞºĞ° ĞºÑ–Ğ±ĞµÑ€ÑĞ¿Ğ¾Ñ€Ñ‚Ğ¸Ğ²Ğ½Ğ° ĞºĞ¾Ğ¼Ğ¿Ğ°Ğ½Ñ–Ñ, ÑĞºĞ° Ñ” #1 Ñƒ Ğ¡Ñ…Ñ–Ğ´Ğ½Ñ–Ğ¹ Ğ„Ğ²Ñ€Ğ¾Ğ¿Ñ–. ĞÑ„Ñ–Ñ†Ñ–Ğ¹Ğ½Ğ¸Ğ¹ Ğ±Ñ€Ğ¾Ğ´ĞºĞ°ÑÑ‚ĞµÑ€ Ğ³Ğ¾Ğ»Ğ¾Ğ²Ğ½Ğ¸Ñ… Ñ‚ÑƒÑ€Ğ½Ñ–Ñ€Ñ–Ğ² Ğ· Counter-Strike, Ñ‚Ğ°ĞºĞ¸Ñ… ÑĞº BLAST Premier Ñ‚Ğ° ESL Pro League. Ğ¢ÑƒÑ‚ Ñ‚Ğ¸ Ğ¿Ğ¾Ğ±Ğ°Ñ‡Ğ¸Ñˆ ĞºÑ–Ğ±ĞµÑ€ÑĞ¿Ğ¾Ñ€Ñ‚, ÑĞºĞ¸Ğ¹ Ğ²Ğ¸Ñ…Ğ¾Ğ´Ğ¸Ñ‚ÑŒ Ğ·Ğ° Ñ€Ğ°Ğ¼ĞºĞ¸ Ğ·Ğ²Ğ¸Ñ‡Ğ°Ğ¹Ğ½Ğ¸Ñ… Ñ‚Ñ€Ğ°Ğ½ÑĞ»ÑÑ†Ñ–Ğ¹.",04/03/2021,Counter-Strike,4082,Ucraniano,20/05/2025,15:04:02
16677765,qttsix,å…­å¸Œå¤«,ä¾†è‡ªå°ç£çš„Speedrunnerï¼Œç©éŠæˆ²éƒ½ç¿’æ…£æ…¢æ…¢ç©ï¼Œæ“…é•·å‹•ä½œéŠæˆ²ã€‚Vtypeæ˜¯ä¸€éš»å¤§å°¾å·´ç‹¼ç¸è€³å¨˜ã€‚æœ‰å…©ä½å¾ˆé¦™çš„çœ‹æ¿å¨˜å¥³å…’ï¼šå…­é†¬(é»‘)&å…‹æ´›(ç™½) åˆä½œé‚€ç´„è¯ç¹«ï¼šroxas830727@hotmail.com,16/10/2010,MapleStory Worlds,4455,ChinÃªs,20/05/2025,11:14:02
76073513,fattypillow,FattyPillow,contact for business inquiries fattypilloow@gmail.com ,27/11/2014,Kingdom Come: Deliverance II,3617,Checo,20/05/2025,19:47:37
598495509,akamikarubi,èµ¤è¦‹ã‹ã‚‹ã³,(^.^),21/10/2020,FANTASY LIFE i: The Girl Who Steals Time,3610,JaponÃªs,20/05/2025,12:26:35
25604128,guit88man,guit88man,Ğ ĞšĞ - https://clck.ru/3G7eyR | ĞŸĞ¾Ñ‡Ñ‚Ğ° Ğ´Ğ»Ñ ÑĞ¾Ñ‚Ñ€ÑƒĞ´Ğ½Ğ¸Ñ‡ĞµÑÑ‚Ğ²Ğ° guit88man@gca.holdings,21/10/2011,Mir Tankov,3917,Russo,20/05/2025,17:09:51
463204522,mertabimula,mertabimula,Wunderberaubend ğŸ‘‘,19/09/2019,Just Chatting,3916,AlemÃ£o,20/05/2025,19:34:16
1050554776,realsoueelt,realsoueelt,RAW SOUEELT BACK STREAMING ğŸ¤“,11/03/2024,Just Chatting,3731,InglÃªs,20/05/2025,20:52:21
645017178,pablo_xtrm,pablo_xtrm,"Tu Xtreamer favorito y cada dÃ­a el de mas gente, suscrÃ­bete para que me vaya a Andorra ,gracias. ğŸ”",02/02/2021,Just Chatting,5233,Espanhol,20/05/2025,21:11:41
103989988,jonvlogs,JonVlogs,"Meu nome Ã© Luan Kovarik, mais conhecido como ""Jon Vlogs"", tenho 25 anos e escolhi como profissÃ£o de vida fazer o que eu amo. Meus viewers sÃ£o minha famÃ­lia na Twitch, se torne um SUB e entre para o ""BONDE DO JON"" ğŸ’›",09/10/2015,Just Chatting,4076,PortuguÃªs,20/05/2025,21:15:45
162257684,bkinho,Bkinho,"OlÃ¡ meu nome Ã© Thiago mais conhecido como ""BKINHO"" e faÃ§o lives de GTA RP quase todos os dias Ã¡s 21:00h! ğŸ“© Contato: bkinho@kr3w.gg",30/06/2017,Just Chatting,3585,PortuguÃªs,20/05/2025,21:07:46
91067577,emiru,Emiru,i wanna git gud and have a gud time ( â–€ ÍœÍÊ–â–€) =Îµ/ÌµÍ‡Ì¿Ì¿/â€™Ì¿â€™Ì¿ Ì¿ Ì¿Ì¿ Ì¿Ì¿ Ì¿Ì¿,14/05/2015,Just Chatting,5815,InglÃªs,20/05/2025,21:23:27
172312401,nooreax,nooreax,nooreax@ciberdime.com,31/08/2017,Golf It!,3880,AlemÃ£o,20/05/2025,12:13:24
9528182,chilledchaos,ChilledChaos,"Did someone say... Shenanigans!? | Next Stream - ON VACATION! NEXT STREAM MAY 14th. Be Safe, Internet! |  Contact - chilledchaos@thenewgen.com",16/12/2009,LOCKDOWN Protocol,3611,InglÃªs,20/05/2025,20:30:23
431882702,teegrizzley,TeeGrizzley,IF YOU EVER MISS OUT ON A LIVE STREAM CATCH ALL THE VIDEOS ON YOUTUBE AT GRIZZLEY GANG GAMING!!!!!!!! THANK YOU FOR THE SUPPORT. ,23/04/2019,Grand Theft Auto V,3560,InglÃªs,20/05/2025,20:08:08
36324138,distortion2,Distortion2,Souls Speedrunner,20/09/2012,ELDEN RING,3674,InglÃªs,20/05/2025,20:13:20
39176440,dendi,Dendi,"Danylo ""Dendi"" Ishutin - Founder of B8 Esports and first Dota TI winner. Cooperation - dendi.ads@b8esports.gg",09/01/2013,Dota 2,2677,InglÃªs,20/05/2025,16:14:18
469632185,camila,camila,"ğŸªâœ¨ welcome to the circus, where the fun never ends! im camila, your silly clown. sit back, relax, and enjoy the show . . ğŸˆğŸ‰",28/10/2019,Just Chatting,3712,InglÃªs,20/05/2025,21:13:47
91958353,jeefhs,JeefHS,#1 NA BGs player - 20k MMR PEAK // Winner of BGs LOBBY LEGENDS // @beancubed drew my emotes! // Business contact: JeefHS@expansion.gg // I stream high level Hearthstone Battlegrounds in the night PST time! // Semi-daily High Quality Youtube Uploads!,26/05/2015,Hearthstone,3788,InglÃªs,20/05/2025,16:17:46
36340781,tarik,tarik,ayo.,21/09/2012,VALORANT,6896,InglÃªs,20/05/2025,21:32:48
695897019,la4awale,LA4AWALE,JUST TRYNA BOOM OFF TO ANOTHER GALAXY,10/06/2021,EA Sports FC 25,3856,InglÃªs,20/05/2025,18:00:56
687186861,deshaefrost,DeshaeFrost, Trust God and watch where he will take youğŸ™ğŸ¾ Business inquiries: deshae@night.co,14/05/2021,IRL,3562,InglÃªs,20/05/2025,18:23:35
410320296,snopey_,Snopey_,â€¢ Email para parcerias: jurandirribeiro508@gmail.com,18/01/2019,Just Chatting,3402,PortuguÃªs,20/05/2025,19:00:19
25116812,sacy,sacy,NÃƒO SEI O QUE ESCREVER AQUI DEPOIS EU FAÃ‡O,27/09/2011,VALORANT,3236,PortuguÃªs,20/05/2025,17:02:01
233300375,clix,Clix,"Hi, my name is Cody (Clix), I am a pro fortnite player (and the guy from Fortnite) who loves to stream and interact with fans. I stream whenever I can, and It would mean the world to me if you guys hit the follow button! ",22/06/2018,Fortnite,4797,InglÃªs,20/05/2025,21:56:55
235551224,tomateking,TomateKing,â° De Lunes a SÃ¡bado a las 22:00 ğŸ‡ªğŸ‡¸ ğŸ“© correo de contacto: srtomateking@gmail.com,02/07/2018,Grand Theft Auto V,3194,Espanhol,20/05/2025,19:58:49
660840731,happyhappygal,HappyHappyGal,Happiest Streamer on Twitch! ğŸ˜ŠHappy@Loaded.gg ğŸ’Œ,11/03/2021,Fortnite,3515,InglÃªs,20/05/2025,21:50:02
413584085,supa_lol,supa_lol,Soy Supa ADC profesional de League of Legends y dueÃ±o del Tukan Team ğŸ¦,31/01/2019,League of Legends,3242,Espanhol,20/05/2025,20:52:16
104320683,move_mind,Move_Mind,"Sou um rapaz simpÃ¡tico, fofo, humilde , querido e leal, gosto muito de jogar coisas e relatar enquanto o faÃ§o. Irrito-me Ã s vezes mas raramente enquanto pratico a modalidade jogando para pessoas ou chamado os e-sports . gosto de alperces e de maÃ§Ã£ assada com canela",13/10/2015,Just Chatting,3496,PortuguÃªs,20/05/2025,21:26:54
79615025,valkyrae,Valkyrae,i multi-stream on youtube and twitch :),12/01/2015,Just Chatting,4605,InglÃªs,20/05/2025,22:05:06
466139555,dantes,Dantes,Conquer. ,09/10/2019,League of Legends,3364,InglÃªs,20/05/2025,14:47:06
45302947,iitztimmy,iiTzTimmy,Where dreams are made,28/06/2013,Apex Legends,3239,InglÃªs,20/05/2025,20:04:16
682561320,thetylilshow,Thetylilshow,Just vibe twin!,02/05/2021,Just Chatting,11097,InglÃªs,20/05/2025,22:13:33
1024088182,bonjwachill,BonjwaChill,Der offizielle Zweitkanal von Bonjwa | Good Game. Have Fun.,23/01/2024,DARK SOULS III,3219,AlemÃ£o,20/05/2025,22:07:30
70225218,tenz,TenZ,Content Creator. Previously Professional VALORANT and CS:GO,30/08/2014,VALORANT,6371,InglÃªs,20/05/2025,22:18:50
121059319,moonmoon,MOONMOON,LULW !!!!!,06/04/2016,ELDEN RING,5122,InglÃªs,20/05/2025,22:21:45
100869214,arky,Arky,@Arky | Arkyszn | Business inquiries - arky@loaded.gg,28/08/2015,Just Chatting,3394,InglÃªs,20/05/2025,21:46:53
584184005,akarindao,å¤¢é‡ã‚ã‹ã‚Š,Big babyğŸ¼æ¿ƒã„ã‚ã®ã‚ã‹ã‚Šã‚“ã§ã™,17/09/2020,League of Legends,3197,JaponÃªs,20/05/2025,21:28:18
202987684,muriloso,Muriloso,Todos os dias ON as 15h00 - muriloso@3c.gg â€¢ telegram @murilosoo,06/03/2018,Just Chatting,3189,PortuguÃªs,20/05/2025,18:33:51
26946000,nightblue3,Nightblue3,"I like streaming league :D and been doing it since 2012. Achieved Rank 1 jungle Season 3, Challenger NA & EUW Season 5, hit Challenger every season. I post when I'm live at discord.gg/nb3",21/12/2011,League of Legends,3171,InglÃªs,20/05/2025,21:03:08
70858845,leron_baron,Leron_Baron,"Ğ£Ğ¼Ğ½Ñ‹Ğµ Ğ¼Ñ‹ÑĞ»Ğ¸, Ğ»Ğ¾Ğ²ĞºĞ¾Ğµ Ğ¿Ñ€Ğ¾Ñ…Ğ¾Ğ¶Ğ´ĞµĞ½Ğ¸Ğµ Ğ²ÑĞµÑ… Ğ¸Ğ³Ñ€, Ñ€Ğ°Ğ´Ğ¸Ğ°Ğ½Ñ‚ Ğ² Ğ²Ğ°Ğ»Ğ¾Ñ€Ğ°Ğ½Ñ‚Ğµ, ĞºĞ»Ğ°ÑÑĞ½Ğ¾Ğµ Ñ‡ÑƒĞ²ÑÑ‚Ğ²Ğ¾ ÑĞ¼Ğ¾Ñ€Ğ° - Ğ²ÑĞµĞ³Ğ¾ ÑÑ‚Ğ¾Ğ³Ğ¾ Ñ‚ÑƒÑ‚ Ğ½ĞµÑ‚. ",09/09/2014,Just Chatting,3080,Russo,20/05/2025,20:25:07
415954300,nicewigg,NiceWigg,Welcome to the Brig. Want to be entertained? Youre at the right place. Content for @100Thieves @riddleorder,12/02/2019,Apex Legends,3279,InglÃªs,20/05/2025,21:51:21
28219022,vargskelethor,Vargskelethor,My name is Joel. I'm from Sweden and I hate video games. I eat nails for breakfast and tame Siberian tigers in my spare free time. I like metal and I know how to kill skeletons.,14/02/2012,Donkey Kong Country 2,3126,InglÃªs,20/05/2025,21:37:06
28337972,limealicious,Limealicious,I'm Limes/Laimu! I stream all kinds of video games and sometimes I get spooked by things that aren't spooky. #laimuart on Twitter for art!,19/02/2012,HELLDIVERS 2,3108,InglÃªs,20/05/2025,17:36:09
95443131,beamom,beamom,"Oi, eu sou a beamae! email para contato: contato@beapozzebon.com",07/07/2015,Minecraft,3041,PortuguÃªs,20/05/2025,20:45:47
23211159,atrioc,Atrioc,GAMBIT GOD. ,01/07/2011,Just Chatting,3024,InglÃªs,20/05/2025,22:22:53
23179441,strippin,Strippin,"I am a giant British bloke with a hilarious community I regularly steal jokes from. I play just about everything, I'm good at just about none of it. Daily Shorts on Youtube, Insta and Tiktok!",29/06/2011,RoadCraft,2990,InglÃªs,20/05/2025,17:37:45
131986952,froggerow,FroggerOW,very awesome dude business: froggerow@outlook.com,12/08/2016,Overwatch 2,2908,InglÃªs,20/05/2025,20:01:11
505359579,girlhefunny1x,girlhefunny1x,"im a entertainer from baltimore, one of the funniest #girlhefunny1 #LongliveGranny #lilrodneyson",29/03/2020,Just Chatting,7232,InglÃªs,20/05/2025,22:46:46
1131600178,lirik_247,LIRIK_247,OFFICIAL 24/7 Channel of Lirik - just a lil cozy spot for folks to hang out ,20/08/2024,Always On,2711,InglÃªs,20/05/2025,04:22:45
206020661,raska_yt,RASKA_yt,En LIVE les Lundis et Jeudi (et d'autres jours quand j'ai le temps) ,17/03/2018,Minecraft,4585,FrancÃªs,20/05/2025,20:11:13
21841789,nmplol,Nmplol,TeamNMP@unitedtalent.com,19/04/2011,Just Chatting,3589,InglÃªs,20/05/2025,22:40:24
603776329,ariathome,ARIatHOME,music made on the spot. sometimes not at home,04/11/2020,IRL,3442,InglÃªs,20/05/2025,21:47:02
788658421,poderosobagual,poderosobagual,Parceria: poderosobagualcontato@gmail.com,17/04/2022,Grand Theft Auto V,3215,PortuguÃªs,20/05/2025,21:53:10
517475551,extraemily,ExtraEmily,let's play games and chat about life! :^) â™¡ e-mail: extraemily@mythictalent.com,20/04/2020,Just Chatting,3213,InglÃªs,20/05/2025,22:42:54
62893265,hauwnted,Hauwnted,"I roleplay as Cau Mau on NoPixel/ProdigyRP | 15,000 hours on FiveM | Two-Time Cancer Survivor (NHL) | Down 164 Pounds since October 2022 | Business Inquiries: Hauwntedmail@gmail.com",20/05/2014,Grand Theft Auto V,6454,InglÃªs,20/05/2025,21:44:43
121510236,juansguarnizo,juansguarnizo,"FenÃ³meno viral 2020, 2021, 2022, 2023, 2024 y 2025. Presidente de Aniquiladores FC. Ganador de un premio Esland, un premio Eliot, un premio MCA, 9 premios Simones, 15 premios Zorman y voz de Spectacular Spider-Man en el cine.",11/04/2016,Just Chatting,3350,Espanhol,20/05/2025,22:48:44
43650535,zwebackhd,zwebackhd,"Welcome to Kuntelton FC, a place for Mad Lads.",18/05/2013,EA Sports FC 25,3070,InglÃªs,20/05/2025,22:07:05
452454652,nikos,Nikos,"Bienvenue chez Nikos, installe toi et profite du contenu ! Contact ğŸ“„  : contact@nikospro.fr",04/08/2019,Grand Theft Auto V,3061,FrancÃªs,20/05/2025,17:03:32
544340296,kaatsup,Kaatsup,"Ne me demandez pas de dÃ©crire ma chaÃ®ne câ€™est un bazar sans nom , ici on fait de tout",16/06/2020,Minecraft,4495,FrancÃªs,20/05/2025,18:35:32
75891532,michel,Michel,"Fiz parte de equipes como mibr, g3x, oNe, KEYD, Red Reserve, GamerHouse, playArt e muitas outras. Atualmente transmitindo o conteudo lider em Counter-Strike & VALORANT. Propagando ideias e o AGGLIFESTYLE.",25/11/2014,Counter-Strike,2791,PortuguÃªs,20/05/2025,15:10:17
431679357,brino,brino,Stream de segunda a sexta 16h  . instagram @BRUNOZZOR ,22/04/2019,Just Chatting,3110,PortuguÃªs,20/05/2025,21:09:12
47125717,bagi,Bagi,"Oi! Aqui todo mundo me chama de Bagi, tenho 27 anos e faÃ§o lives de arte, culinÃ¡ria, games, mÃºsica, webrolÃªs e talk-shows!Temos de tudo um pouco, sempre que der na telha estarei online :D",04/08/2013,Minecraft,3033,PortuguÃªs,20/05/2025,22:50:46
406765705,kevinpannewitz,KevinPannewitz,Kevin Pannewitz ist ein Ex-FuÃŸballprofi der in der ersten deutschen Bundesliga beim VFL Wolfsburg sowie bei Hansa Rostock in der 2. deutschen Bundesliga aktiv war. Seit kurzem ist er auch als Streamer aktiv. Mehr Ã¼ber Pannewitz findest du hier: https://de.wikipedia.org/wiki/Kevin_Pannewitz,04/01/2019,VALORANT,11280,AlemÃ£o,20/05/2025,21:13:27
78874179,krokoboss,krokoboss,GÃ¤nsehaut Business Mail: krokoboss@2ndwave.rocks,04/01/2015,PokÃ©mon FireRed/LeafGreen,5479,AlemÃ£o,20/05/2025,19:41:04
126678134,officermesser,OfficerMesser,Certified Police Officer  | Dog Lover | Gamer | Who is on a mission to bridge the gap of Law Enforcement and the community by humanizing the badge. For Business Inquiries please email servefirstllc@gmail.com ,13/06/2016,Grand Theft Auto V,3142,InglÃªs,20/05/2025,22:33:04
63675549,kaydop,Kaydop,"Je m'appelle Alexandre, j'ai 26 ans. Je suis joueur professionnel sur Rocket League. Mon palmarÃ¨s Ã  ce jour est d'Ãªtre 3x champion du monde et 6x champion d'Europe. Record sub : 4766 abonnÃ©s 28/09/2021 Stream full win : 15 | 13/08/2020 | WC Train : 792%",04/06/2014,Rocket League,2952,FrancÃªs,20/05/2025,21:36:34
23528098,avoidingthepuddle,AvoidingThePuddle,Hi my name is Aris. ,18/07/2011,Resident Evil 2,2898,InglÃªs,20/05/2025,20:53:02
148561738,faxuty,faxuty,i enjoy playing video games | business inquires: faxuty@sixteenth.com,24/02/2017,Fortnite,3020,InglÃªs,20/05/2025,22:51:29
26154978,sykkuno,Sykkuno,Hi ! ,15/11/2011,Super Mario Party Jamboree,2903,InglÃªs,20/05/2025,21:41:52
38251312,paymoneywubby,PaymoneyWubby,Playing games for your amusement ,06/12/2012,Just Chatting,4085,InglÃªs,20/05/2025,23:23:55
62591022,tiffachuftw,TiffachuFTW,"Hi there! Iâ€™m Tiffachu and I am a variety streamer. I am super loud, super sussy, and super burpy! Come watch me embarrass myself (TUES-THURS) ",14/05/2014,Fortnite,5564,InglÃªs,20/05/2025,23:20:09
51496027,loltyler1,loltyler1,Season 6 Challenger | Most REFORMED Player NA | #1 Draven World ,14/11/2013,Call of Duty: Black Ops 6,4329,InglÃªs,20/05/2025,23:14:51
138094916,sinatraa,sinatraa,Business email: sinatraa@evolved.gg,28/10/2016,VALORANT,3008,InglÃªs,20/05/2025,23:04:44
80585512,yusuf7n,yusuf7n,7NG ! Contact:yusuf@thekinetic.co,22/01/2015,Just Chatting,3957,InglÃªs,20/05/2025,23:24:44
896388738,henyathegenius,henyathegenius,genius dayo ï¼ˆãƒ»oãƒ»ï¼‰ã€€âœ‰ henyathegenius@unitedtalent.com,04/04/2023,Just Chatting,3013,InglÃªs,20/05/2025,22:52:14
95771992,fishmandota2,FishmanDota2,ENTITY CREEPWAVE C9 PLAYER ĞšĞĞœĞ£ Ğ©Ğ•Ğ›Ğ‘ĞĞ Ğ’Ğ¡Ğ¢ĞĞĞ¬ ĞœĞ˜Ğ”,10/07/2015,Dota 2,1630,Russo,20/05/2025,21:08:56
175383693,sylvee,sylvee,Professional girl // sylvee@loaded.gg,24/09/2017,Minecraft,2795,InglÃªs,20/05/2025,23:32:23
138600347,stoopzz,Stoopzz,I MEAN SHIIIIIII I LIKE MMOSBusiness: stoopzz@mythictalent.com,03/11/2016,Lost Ark,2657,InglÃªs,20/05/2025,21:22:58
1054551170,ricci,Ricci,Content Creator. For business inquiry: ricci@rightclick.gg,19/03/2024,Tom Clancy's Rainbow Six Siege,2730,InglÃªs,20/05/2025,20:36:00
1302587217,austinmcbroom,austinmcbroom,Heyyy Twitch Familyyy!!! ğŸ˜ğŸ”¥â¤ï¸ austinmcbroombusiness@gmail.com,24/04/2025,IRL,2991,InglÃªs,20/05/2025,23:15:49
91752888,lucasrojo,LucasRojo,"No hay mucho que ver, solo que trabajo mucho.",23/05/2015,VALORANT,2824,Espanhol,20/05/2025,16:52:03
590906662,telefe,telefe,Â¡Bienvenidxs al canal de Twitch de Telefe! ,01/10/2020,Just Chatting,2948,Espanhol,20/05/2025,20:36:08
106013742,pestily,Pestily,"3x EFT World Champion 2020, Not afraid to jump head first down a stair case, Done some cool stuff for kids",03/11/2015,Escape from Tarkov,2709,InglÃªs,20/05/2025,19:21:02
62595539,realzbluewater,RealzBlueWater,"WATCH = PRIZE ğŸ¤‘ğŸ Start watching and earning channel points to get TONS of prizes. Like a PlayStation 5 ğŸ¤©ğŸ® ãƒ½(â€¢â€¿â€¢)ãƒ The #1 Stream to Have Fun, Relax, Engage and Enjoy! . Everyone in this Stream is a friend, so say hi!",14/05/2014,Wolfenstein: The New Order,3038,InglÃªs,20/05/2025,23:09:58
27992608,pikabooirl,Pikabooirl,"Gladiator rogue streaming for your entertainment, I am 26",05/02/2012,World of Warcraft,3017,InglÃªs,20/05/2025,23:19:13
269503217,aspaszin,aspaszin,CampeÃ£o Mundial de VALORANT e BicampeÃ£o do VCT AMERICAS.  - aspas@prodigy-agency.gg,26/10/2018,VALORANT,3975,PortuguÃªs,20/05/2025,23:59:47
166554148,robthemaster1,RobTheMaster1,Just a streamer blessed by god.,25/07/2017,Just Chatting,3120,,21/05/2025,00:17:06
37522866,cyr,cyr,This. Is. Variety. Gaming. cyr@mythictalent.com ,08/11/2012,Just Chatting,3049,InglÃªs,20/05/2025,23:50:18
38871579,feinberg,Feinberg,top minecraft speedrunner :),29/12/2012,Minecraft,2927,InglÃªs,20/05/2025,19:07:57
564225413,vinixiste,vinixiste,um influencer e streamer qualquer email para contato: vinixistepessoal@gmail.com,07/08/2020,Just Chatting,3407,PortuguÃªs,20/05/2025,22:24:52
25725272,vinesauce,Vinesauce,"I'm Vinny and I focus on variety streaming. I don't have a strict schedule and stream a few times a week, but you can expect full playthroughs, classic games, randomizers, corruptions, trash, bizarre media and weird/forgotten games. More prerecorded videos are on my youtube.",26/10/2011,FANTASY LIFE i: The Girl Who Steals Time,4064,InglÃªs,21/05/2025,00:15:37
452785342,criticas_qls,Criticas_QLS,"Hago reviews de peliculas, juegos y series en mis canales principales. AcÃ¡ vemos programas pencas, conversamos, y jugamos jueguitos.",05/08/2019,Just Chatting,2803,Espanhol,20/05/2025,22:13:22
247808909,qtcinderella,QTCinderella,Somewhere between psychotic and iconic,14/08/2018,Just Chatting,3295,InglÃªs,20/05/2025,23:57:03
22253819,scarra,Scarra,I'm an ex league of legends pro mid laner turned streamer. Also fps prodigy.,07/05/2011,Teamfight Tactics,2968,InglÃªs,20/05/2025,20:54:53
2982838,surefour,Surefour,Watch me kill things.,08/12/2008,Marvel Rivals,2616,InglÃªs,20/05/2025,22:18:52
38881685,boxbox,boxbox,I LIKE TO PLAY TEAMFIGHT TACTICS AND SPEND A LOT OF TIME ON FUNNY PROJECTS,30/12/2012,Teamfight Tactics,2938,InglÃªs,20/05/2025,23:28:47
531177917,paulinholokobr,PaulinhoLOKObr,"Oi, sou o Paulinho o LOKO ",15/05/2020,Grand Theft Auto V,25370,PortuguÃªs,21/05/2025,00:37:18
569325723,loud_coringa,loud_coringa,"Meu nome Ã© Victor mais conhecido como Coringadas, faÃ§o live quase todo dia e tmj e nois",19/08/2020,Just Chatting,11052,PortuguÃªs,21/05/2025,00:38:05
545050196,kato_junichi0817,åŠ è—¤ç´”ä¸€ã†ã‚“ã€‡ã¡ã‚ƒã‚“,æœ¬å½“ã«å¥½ããªã“ã¨ã§ç”Ÿãã¦ã„ã,18/06/2020,Just Chatting,9276,JaponÃªs,21/05/2025,00:35:28
124835948,ddg,DDG,IM TAKING OVER TWITCH NOW,22/05/2016,Just Chatting,8761,InglÃªs,21/05/2025,00:44:15
459541804,edwardkso,EdwardKSo,A gentleman ,04/09/2019,IRL,2613,InglÃªs,20/05/2025,19:56:05
154132449,melhssn_,MelHssn_,Valorant Player for ??Sinon je stream tous les jours Ã  20H blblblblbllblbl,21/04/2017,VALORANT,7708,FrancÃªs,20/05/2025,20:25:59
422243447,vanillamace,vanillamace,"a girl who doesn't shut up! live tuesdays, thursdays & fridays at 6pm PST",09/03/2019,Just Chatting,7767,InglÃªs,21/05/2025,01:00:14
63602976,skipnho,SkipNhO,SkipNhO Ele Ã© LOCO certeza o mais KappAcitado !!!,03/06/2014,PUBG: BATTLEGROUNDS,2700,PortuguÃªs,20/05/2025,21:55:50
28579002,cellbit,Cellbit,criador de Ordem Paranormal,28/02/2012,The Rise of the Golden Idol,2685,PortuguÃªs,20/05/2025,22:54:39
132230344,moistcr1tikal,moistcr1tikal,I make things,15/08/2016,Just Chatting,2682,InglÃªs,21/05/2025,00:45:34
415249792,bigex,BigEx,Business Inquiries: exlikesbusiness@gmail.com,08/02/2019,Grand Theft Auto V,2636,InglÃªs,20/05/2025,21:49:05
462268391,daisy,Daisy,Im a little silly  â™¡,14/09/2019,Just Chatting,2614,InglÃªs,20/05/2025,19:13:33
49498288,minerva,Minerva,contatogminerva@gmail.com,27/09/2013,League of Legends,2575,PortuguÃªs,20/05/2025,23:35:18
426251614,vodkaskndr,vodkaskndr,"Ğ–Ğ¸Ğ·Ğ½ÑŒ - ÑÑ‚Ğ¾ ÑÑƒĞ¿, Ğ° Ñ Ğ²Ğ¸Ğ»ĞºĞ°.",27/03/2019,Dota 2,6655,Russo,20/05/2025,21:41:08
66418614,gofns,GOFNS,Gamerrrrr,15/07/2014,VALORANT,4277,InglÃªs,21/05/2025,01:03:00
74547134,putupau,Putupau,"Youtuber Y streamer con pasiÃ³n por la musica , el anime y sobretodo los videojuegos !!! 1987 RULES ",05/11/2014,Honkai: Star Rail,3132,Espanhol,20/05/2025,21:35:12
79427060,addison2k,Addison2k," Just want to be positive and play the games with all you cool people. We may win some, we will even lose some., but in the end Tyrannical keys are just way easier than Fortified keys, as a tank. ",10/01/2015,World of Warcraft,2618,InglÃªs,20/05/2025,11:34:09
59635827,supertf,supertf,DOMINANT FORCE OF NATURE,25/03/2014,Overwatch 2,3165,InglÃªs,21/05/2025,00:57:21
76385901,elded,elded,Conocido de ElMariana.,02/12/2014,Just Chatting,3007,Espanhol,21/05/2025,00:58:14
103474990,cantelope,Cantelope,Professional musician || Contact info: Sponsorships Email: Cantelope@expansion.gg || General Business: Cantelopehs@gmail.com,02/10/2015,Hearthstone,2626,InglÃªs,20/05/2025,22:57:06
42032495,tinakitten,TinaKitten,Hello :),03/04/2013,Enshrouded,2227,InglÃªs,20/05/2025,20:18:35
54748186,roier,Roier,Una vez me hice bendejo y asÃ­ me quedÃ©,10/01/2014,The Last of Us Part II: Remastered,2867,Espanhol,21/05/2025,00:44:04
84285536,rudyyeen,rudyYEEN,"Hello! The name's Rudy and I stream a lot of Beat Saber Twitch! || I love rhythm, simulator, & puzzle games, helping out fellow streamers (A LOT of moderating), and being a language nerd on my downtime. || Check out my recommended channels to see some really cool folks I watch too! ^^",03/03/2015,Beat Saber,2754,InglÃªs,20/05/2025,20:09:53
173758090,quarterjade,QuarterJade,hi im jodi,11/09/2017,Baldur's Gate 3,2377,InglÃªs,21/05/2025,00:33:17
51115394,midnightsumo,MidnightSumo,"I commentate live pro sumo and amateur sumo on Twitch! I play Pokemon Kaizo content almost every weekday during the off-season. I also stream curated sumo and Japanese culture content during downtime. 30-something Canadian sumo fan, doing their best! Business: midnightsumo@duck.com ",04/11/2013,Just Chatting,2535,InglÃªs,20/05/2025,00:05:57
798314399,tumbluwaitingroom,TumbluWaitingRoom,"Questo Ã¨ il nuovo Limbo di Tumblurr in cui potete rilassarvi, chattare, studiare in compagnia degli altri aspettando la stream di Giammo. La stream inizia al mattino/pomeriggio (non c'Ã¨ un orario preciso) fino alle 21, momento in cui verrÃ  effettuato l'host a Tumblurr.",30/05/2022,Just Chatting,4791,Italiano,21/05/2025,01:35:52
150522651,minaaoyama,MinaAoyama,"I'm Mina Aoyama, a streamer and a villainess reborn. Will you pledge your loyalty to me? Business Email: minaaoyama@ggtalentgroup.com",15/03/2017,Honkai: Star Rail,2478,InglÃªs,20/05/2025,15:19:12
126750144,crystalmolly,CrystalMolly,"Desde pequeÃ±a soy amante de los Videojuegos, Tengo 2 aÃ±os en el ambiente Streamer pero reciÃ©n vengo a probar en esta plataforma. Soy una persona muy relajada y me encanta que se lleven con toda confianza conmigo pero obvio con respeto entre todos.",14/06/2016,Just Chatting,3067,Espanhol,21/05/2025,01:27:54
62328653,tftoddy,TFToddy,8Âº melhor jogador de TFT das AmÃ©ricas Set 11 e maior streamer de TFT do Brasil!,08/05/2014,Teamfight Tactics,2378,PortuguÃªs,20/05/2025,21:59:59
936685192,willito,willito,ğŸ¥‡FOLLOW UP!,26/07/2023,Just Chatting,8755,InglÃªs,21/05/2025,01:40:22
56865374,barbarousking,BarbarousKing,Play hard games. Make dumb jokes.,15/02/2014,HELLDIVERS 2,2279,InglÃªs,20/05/2025,23:02:52
29795919,nl_kripp,nl_Kripp,Gamer YouTuber Streamer Joker // Business: om.kripp@gmail.com,15/04/2012,The Bazaar,2318,InglÃªs,21/05/2025,00:03:04
267160288,caseoh_,caseoh_,"The dude from tik tok caseoh@mythictalent.com. Official waiting room channel ""CASEOH247""",15/10/2018,Just Chatting,18377,InglÃªs,21/05/2025,01:59:04
496795673,elmariana,ElMariana,"Me gusta hacer desmadre, jalate y pasemos un buen rato juntos.",03/03/2020,Just Chatting,7760,Espanhol,21/05/2025,01:55:45
803762271,piuzinho,Piuzinho,opa blz ? âœ‰ï¸: Piuzinho@kr3w.gg,23/06/2022,Slots,2769,PortuguÃªs,21/05/2025,01:17:42
56990029,chatterbox,Chatterbox,Im not insane. I just act like it. ,17/02/2014,Grand Theft Auto V,2253,InglÃªs,20/05/2025,19:02:16
978322276,chorumedogremio,chorumedogremio,o chorume que torce pro GrÃªmio. falo merda sobre TUDO com muita naturalidade.,29/10/2023,Just Chatting,3045,PortuguÃªs,20/05/2025,23:00:07
31478096,mym_alkapone,MYM_ALKAPONE,Este es mi canal de Stream ven disfrutar muchos juegos en vivo pero sobre todo a echar desmadre con la Razita!!,19/06/2012,Just Chatting,2426,Espanhol,21/05/2025,01:18:47
47694770,souljaboy,souljaboy,"Soulja Boy (Owner/Founder of S.O.D.M.G), is an American rapper, record producer, actor, gamer & entrepreneur. His debut single ""Crank That (Soulja Boy)"" peaked at number one on the U.S. Billboard Hot 100. business: souljaboyinfo@gmail.com",16/08/2013,Just Chatting,2307,InglÃªs,20/05/2025,23:26:11
961333045,coopervlr,ããƒ¼ã±ãƒ¼ãƒ¼,21æ­³å¥½ããªé£Ÿã¹ç‰© å¯¿å¸ ç„¼è‚‰ éŸ“å›½æ–™ç† ãƒ©ãƒ¼ãƒ¡ãƒ³,27/09/2023,VALORANT,15158,JaponÃªs,20/05/2025,23:40:18
88524698,rockykramer,RockyKramer,"Rocky Kramer is a Norwegian-American musician and songwriter based in Los Angeles, CA. Rock & Roll Tuesdays is a weekly rock music show, every Tuesday 7 PM PT.",14/04/2015,Music,3696,InglÃªs,21/05/2025,01:50:44
122888997,willneff,willneff,"Will Neff. If I donâ€™t make you laugh thatâ€™s on you, donâ€™t put your baggage on me. ",28/04/2016,Just Chatting,3258,InglÃªs,21/05/2025,02:02:27
43204993,lilaggy,LilAggy,Simultaneously the best and worst video gamer you've ever seen,05/05/2013,ELDEN RING,2147,InglÃªs,20/05/2025,23:01:33
672238954,plaqueboymax,plaqueboymax,for business inquiries: josh@plaqueboy.com,06/04/2021,Just Chatting,8718,InglÃªs,21/05/2025,02:33:15
53904523,thechief1114,TheChief1114,Business Email: chief@optshift.co,27/12/2013,Grand Theft Auto V,2444,InglÃªs,21/05/2025,00:44:49
596031520,fanfan,fanfan,fiona | 25,15/10/2020,Baldur's Gate 3,2246,InglÃªs,20/05/2025,23:59:55
61868550,bwipolol,Bwipolol,Top for @FlyQuest,30/04/2014,League of Legends,2227,InglÃªs,21/05/2025,00:16:57
542363039,nymphelia,nymphelia,your australian (un)comfort catgirl! lia~! â™¡ business inquiries: nymphelia.ch@gmail.com â™¡,11/06/2020,ASMR,2154,InglÃªs,21/05/2025,00:00:09
25458544,sequisha,Sequisha,Survival | Shooters | RP | Gamedev,14/10/2011,Valheim,2075,InglÃªs,20/05/2025,22:57:36
588397817,jaystayup,jaystayup,Get Rich Or We Gon Die Tryin,26/09/2020,Grand Theft Auto V,2047,InglÃªs,21/05/2025,00:09:03
472066926,theburntpeanut,TheBurntPeanut,I'm The Bungulator (theburntpeanut@loaded.gg),10/11/2019,Escape from Tarkov,3202,InglÃªs,21/05/2025,02:37:00
90250629,fakemonster,Fakemonster,sandwich Ã  l'oeuf,04/05/2015,League of Legends,2752,FrancÃªs,20/05/2025,21:45:57
66967230,skermz,Skermz,"Below average gamer, below average streamer. Business: skermz@coderedesports.com ",22/07/2014,Dead by Daylight,2240,InglÃªs,21/05/2025,02:21:51
56235100,cashnastygaming,CashNastyGaming,Yeh! I rage a little sometimes..depending on what Iâ€™m playing..other than that..yeh,05/02/2014,Just Chatting,1785,InglÃªs,21/05/2025,01:25:03
1156081958,lordkevun,LordKevun,Official 24/7 Channel of LordKebun |  A fun place to hang and relive some of GTARP's Greatest Moments,03/10/2024,Always On,2927,InglÃªs,20/05/2025,04:23:01
70357283,arigameplays,AriGameplays,"Hola, aqui platicamos y jugamos un ratito de vez en cuando. ",31/08/2014,Just Chatting,2710,Espanhol,21/05/2025,02:42:32
108544855,loud_caiox,loud_caiox,pior live da twitch,02/12/2015,Just Chatting,2197,PortuguÃªs,21/05/2025,01:15:36
11897156,roflgator,roflgator,degen king of twitch -sodapoppin 2021,15/04/2010,VRChat,1982,InglÃªs,21/05/2025,02:06:27
39724467,swagg,Swagg,I'm Back,27/01/2013,Call of Duty: Warzone,1835,InglÃªs,21/05/2025,02:00:29
45866401,ayellol,Ayellol,Contact: ayel@abstractgg.comCMO,09/07/2013,League of Legends,2153,PortuguÃªs,21/05/2025,00:35:29
43246220,itswill,itswill,just kidding,06/05/2013,Old School RuneScape,1889,InglÃªs,21/05/2025,00:15:12
67519684,sasatikk,sasatikk,ã“ã‚“ã«ã¡ã¯,28/07/2014,The Mosquito Gang,2644,JaponÃªs,21/05/2025,03:02:18
83118580,neko,Neko,Friendly Neighborhood Cat â™¡ ,19/02/2015,ASMR,1519,InglÃªs,21/05/2025,01:52:53
24124090,datmodz,DatModz,Your Friendly Neighborhood Streamer-Man!,16/08/2011,Diablo II,1770,InglÃªs,20/05/2025,20:11:12
62191658,pezzzy,Pezzzy,hey I like to talk and play games,06/05/2014,ROBLOX,1913,InglÃªs,21/05/2025,02:34:02
119015407,dashy,Dashy,Professional Fragger ,18/03/2016,Call of Duty: Black Ops 6,2078,InglÃªs,21/05/2025,02:26:43
20508512,calebhart42,Calebhart42,Just a d00d who is born to game.,16/02/2011,PokÃ©mon HeartGold/SoulSilver,1815,InglÃªs,20/05/2025,23:56:01
465218900,olkabone,Olkabone,"Motivado por pixels, apaixonado por games.",03/10/2019,Just Chatting,1745,PortuguÃªs,20/05/2025,22:09:28
132172250,derrekow,derrekow,I play games,14/08/2016,VALORANT,4732,InglÃªs,21/05/2025,01:43:19
55170062,hyoon,hyoon,sometimes i do things ,18/01/2014,Just Chatting,2121,InglÃªs,21/05/2025,03:02:54
30079255,huskerrs,HusKerrs,Pro Gamer/Content Creator || Business Inquiries: HusKerrs@unitedtalent.com,27/04/2012,Call of Duty: Warzone,1885,InglÃªs,20/05/2025,19:24:40
53052202,boltz,boltz,Professional Counter-Strike Player,11/12/2013,Counter-Strike,1821,PortuguÃªs,21/05/2025,01:03:08
810617325,megalodonvt,MegalodonVT,Hello! I am your friendly neighborhood Megalodon Shark Vtuberâœ¨You can call me Mega! I am a variety streamer. I stream usually at 10pm CST so join me on my quest and learn my Megalodon ways! You can find my stream schedule in my about page or on my twitter or discord server! ,20/07/2022,Just Chatting,1782,InglÃªs,21/05/2025,01:57:53
29528480,greentea,ç¶ èŒ¶,é–‹å°æ™‚é–“ å¹³æ—¥ 10:00~18:00 å‡æ—¥ 12:30~19:00  å¸¶çµ¦å¤§å®¶æ­¡æ¨‚çš„å¨›æ¨‚å° :),05/04/2012,Teamfight Tactics,1978,ChinÃªs,21/05/2025,02:03:58
636514410,maydream_,ã‚ã„ã©ã‚Šãƒ¼ã‚€,ã„ã„å¤¢è¦‹ã¦ã‚‚ã„ã„ã§ã™ã‹ï¼Ÿã€€,15/01/2021,VALORANT,13501,JaponÃªs,21/05/2025,02:00:16
81628627,gladd,Gladd,"I'm just here to have a good time!  No drama and only smiles :) Life is good.  Oh yeah, my name is Sean.",02/02/2015,Valheim,1731,InglÃªs,20/05/2025,17:00:18
51270104,flight23white,Flight23white,EXCITING ENERGETIC ENTERTAINMENT! Stream Schedule 2025: Sunday (Anywhere 12pm-8pm) Monday & Wed (Anywhere 12pm-10pm) Friday (Anywhere 1pm-8pm) RANDOM STREAM DAYS & TIMES ARE ALSO POSSIBLE!!!,09/11/2013,Just Chatting,6237,InglÃªs,21/05/2025,03:39:04
123173696,zdark,zDark,Business Inquiries zdark2929@gmail.com | 22 | El Corillo | Top 4 Mundial de WZ | $100K CAMPEON LATAM | ,01/05/2016,Call of Duty: Warzone,1929,Espanhol,21/05/2025,01:11:02
7010591,uberhaxornova,UberHaxorNova,I like to eat nerds rope.,28/06/2009,Voices of the Void,1840,InglÃªs,21/05/2025,01:04:06
56395702,coconutb,CoconutB,"CoconutB streams Rust, My Pet Hooligan and Slotsr",08/02/2014,Rust,1721,InglÃªs,20/05/2025,22:57:29
59336873,fnxlntc,fnxLNTC,"Hello, what's up! ",21/03/2014,Counter-Strike,1716,PortuguÃªs,21/05/2025,01:07:24
444362325,qtclaps,qtclaps,21 y/o content creator,27/06/2019,"Pools, Hot Tubs, and Beaches",1721,InglÃªs,21/05/2025,02:24:44
70964046,bunnyayu,BunnyAyu,Virtual Bunny Girl ğŸ¥• | bunnyayu@mythictalent.com ,10/09/2014,DOOM: The Dark Ages,1709,InglÃªs,21/05/2025,01:01:06
545413111,djinspire,djinspire,"ALL SUBS GET MY MONTHLY PLAYLIST. Join the discord & link your account. sometimes im djing..sometimes im yapping.  P.O Box 752101 Las Vegas, NV 89136",19/06/2020,DJs,4541,InglÃªs,21/05/2025,03:40:01
471218475,carolinekwan,carolinekwan,"we're gonna chat film, screenwriting, politics, pop culture, and do a lil' gaming. She's giving V A R I E T Y. ",06/11/2019,Just Chatting,1745,InglÃªs,21/05/2025,01:43:40
427263526,yukiofps14,ã‚†ããŠ2,Twitter@YukioFPS,01/04/2019,League of Legends,1724,JaponÃªs,21/05/2025,00:17:22
119497908,kyo1984123,kyo1984123,ä¸€è‡‰æ­£ç¶“çš„èƒ¡èªªå…«é“,23/03/2016,Just Chatting,1720,ChinÃªs,21/05/2025,00:12:37
37230996,jawgemo,jawgemo,linktr.ee/jawgemo,28/10/2012,VALORANT,2085,InglÃªs,21/05/2025,03:34:51
613838185,mitsuke,mitsuke,Live todos os dias as 17h l âœ‰ï¸ Email: contatomitsukefps@gmail.com  l âœ‰ï¸ Telegram: @mitsukefps,27/11/2020,Grand Theft Auto V,493,PortuguÃªs,21/05/2025,00:18:05
151573424,nico_ov,nico_ov,VARREL Overwatch éƒ¨é–€ OWWC2023 æ—¥æœ¬ä»£è¡¨DPSï½œã‚ªãƒ¼ãƒãƒ¼ã‚¦ã‚©ãƒƒãƒç•Œã§æœ€ã‚‚ã‚¯ãƒªãƒ¼ãƒ³ãªé…ä¿¡ã‚’å¿ƒæ›ã‘ã¦ãŠã‚Šã¾ã™ã€‚,26/03/2017,Overwatch 2,1710,JaponÃªs,21/05/2025,03:04:19
787486979,felca,felca,Na seita somos um sÃ³.felca,12/04/2022,Just Chatting,2370,PortuguÃªs,21/05/2025,04:28:30
53648099,warn,Warn,your overwatch dad - Warn@proxy.gg,22/12/2013,Overwatch 2,2846,InglÃªs,20/05/2025,20:11:57
184634287,terablade,Terablade,"Ğ’ÑĞµĞ¼ Ğ¿Ñ€Ğ¸Ğ²ĞµÑ‚, Ğ¼ĞµĞ½Ñ Ğ·Ğ¾Ğ²ÑƒÑ‚ Ğ¡Ğ»Ğ°Ğ²Ğ° Ğ¸Ğ»Ğ¸ Ğ¿Ñ€Ğ¾ÑÑ‚Ğ¾ Ğ’ÑÑ‡Ğ¸Ğº. Ğ¡Ğ¾Ñ‚Ñ€ÑƒĞ´Ğ½Ğ¸Ñ‡ĞµÑÑ‚Ğ²Ğ¾: terablade@gca.holdings Ğ ĞµĞ³Ğ¸ÑÑ‚Ñ€Ğ°Ñ†Ğ¸Ñ Ğ² Ñ€ĞµĞµÑÑ‚Ñ€Ğµ: https://www.gosuslugi.ru/snet/6787d6421e4e233a711d8ce2",06/12/2017,Hearthstone,1987,Russo,21/05/2025,02:56:29
103314254,tray,Tray,business inquires: tray@justinjoung.com Youtube: https://www.youtube.com/user/traythekidd,30/09/2015,MLB The Show 25,1692,InglÃªs,20/05/2025,23:54:52
841433765,zoespencer_,ZoeSpencer_,Spencer Gang! WADDUP! LETS TURN SHII UP! ğŸ˜œ,28/10/2022,Just Chatting,5045,InglÃªs,21/05/2025,04:25:07
169185650,robcdee,robcdee,:] 2nd monitor gang,10/08/2017,Just Chatting,2080,InglÃªs,21/05/2025,03:58:49
113043299,tachikawabr,ç«‹å·,æ ¼ã‚²ãƒ¼ãƒãƒ¼ã®ç«‹å·ã§ã™ã€‚Twitter https://twitter.com/TachikawaBRã€€ Youtube https://www.youtube.com/channel/UCRDJ3DN-6ND_a4LSJ35L91A,17/01/2016,Street Fighter 6,1751,JaponÃªs,21/05/2025,03:03:05
630680605,swooty18,Swooty18,"Splitgate World Champion | 4x Halo Lan Champ | Top 250 COD (MW2,MW3,BO6) | 6x R6 Champ | Prev T1 & eUnited | Good vibes, Great gameplay, SHOW LUV GANG GANG â¤ï¸",04/01/2021,Call of Duty: Black Ops 6,1411,InglÃªs,20/05/2025,22:48:16
159840667,crackheber,CRACKHEBER,Seleccionado Nacional De Fifa @Miseleccionmx ğŸ‡²ğŸ‡½,11/06/2017,EA Sports FC 25,1669,Espanhol,21/05/2025,04:09:10
142125052,sunsetgaiaasmr,sunsetgaiaASMR,"Hey there! I hope you enjoy my streams, relax and maybe have fun!",16/12/2016,ASMR,1614,InglÃªs,21/05/2025,01:53:38
664173845,pippa,Pippa,LFG // Casuals need not apply,19/03/2021,Just Chatting,1537,InglÃªs,21/05/2025,01:01:09
20485198,aneternalenigma,AnEternalEnigma,"13-year Twitch streamer (over 5 million watch hours!), Silent Hill Guy, event host, record speedrunner, sequin wearer.",16/02/2011,Silent Hill: Downpour,1678,InglÃªs,20/05/2025,23:53:29
57993352,soypan,SoyPan,Ummmm que haces por aqui chaval :o,01/03/2014,VALORANT,1637,Espanhol,21/05/2025,02:08:04
36829241,daddydimmutv,DaddyDimmuTV,"My name is Tyler, or Daddy Dimmu. Iâ€™ve been told funny stuff happens, or that Iâ€™m funny lookin. You be the one to decide. Follow on Twitter @DaddyDimmuTV and subscribe to YouTube @daddydimmutv ",11/10/2012,Red Dead Redemption 2,1580,InglÃªs,20/05/2025,02:06:56
133333248,demon1,Demon1,Streamer for LEV,28/08/2016,VALORANT,1831,InglÃªs,21/05/2025,04:13:51
675241673,kaneljoseph,KanelJoseph,This my Bio,13/04/2021,Just Chatting,1814,InglÃªs,21/05/2025,02:43:35
73477451,unclebjorn,UncleBjorn,"Ğ¢Ğ²Ğ¾Ğ¹ ÑĞºÑƒÑ‡Ğ½Ñ‹Ğ¹ Ğ´Ñ€ÑƒĞ³, ĞºĞ¾Ñ‚Ğ¾Ñ€Ñ‹Ğ¹ Ğ²ÑĞµĞ³Ğ´Ğ° Ñ€ÑĞ´Ğ¾Ğ¼ \Ê•Â°á´¥ÆªÊ”/ | Ğ¡Ğ¾Ñ‚Ñ€ÑƒĞ´Ğ½Ğ¸Ñ‡ĞµÑÑ‚Ğ²Ğ¾ - unclebjorn@gca.holding",21/10/2014,Resident Evil 4,1672,Russo,21/05/2025,03:09:40
84569419,angelskimi,angelskimi,"hii :) thanks for stopping by my channel â™¡ you'll usually find me tapping on mics, cooking, crafting, or playing games. so please enjoy your stay! â™¡",07/03/2015,ASMR,1461,InglÃªs,21/05/2025,03:07:33
85718961,siyham,ã—ãƒ¼ã¯ã‚€,JP VEXOTP hamster vtuberğŸ¹ å¹³æ—¥14:00~19:00/åœŸæ›œ8:00~13:00ã«é…ä¿¡ä¸­ï¼ 24.2.10.DEBUT!!ğŸ¹ãƒ¬ãƒˆãƒ­ã‚²ãƒ¼ã‚„ãƒ›ãƒ©ã‚²ãƒ¼ã€LoLã§æ´»å‹•ä¸­ğŸ¹,21/03/2015,League of Legends,1537,JaponÃªs,21/05/2025,01:23:01
128487449,leoncraftkennedy26,leoncraftkennedy26,Solo soy un gamer mas xD,04/07/2016,Overwatch 2,838,Espanhol,20/05/2025,21:38:11
419762100,notquitelikedub,NotQuiteLikeDuB,sometimes Woo Wop appears too â€¦..  INSTAGRAM TWITTER & SNAPCHAT : NotQuiteLikeDuB,27/02/2019,IRL,5639,InglÃªs,21/05/2025,00:08:21
24150891,kokujintv,kokujintv,ã‚²ãƒ¼ãƒŸãƒ³ã‚°ãƒãƒ¼ãƒ  REJECT æ ¼é—˜ã‚²ãƒ¼ãƒ éƒ¨é–€ãƒ—ãƒ­ãƒ‡ãƒ¥ãƒ¼ã‚µãƒ¼å…¼ã‚¹ãƒˆãƒªãƒ¼ãƒãƒ¼ ã€Œæ ¼ã‚²ãƒ¼ãƒãƒ¼äººç‹¼ã€ã€ŒãŠã˜ãƒªãƒ¼ã‚°ã€ä¸»å‚¬ã€‚ãã†ã„ã†ã‚²ãƒ¼ãƒ ã˜ã‚ƒã­ã‡ã‹ã‚‰ã“ã‚Œï¼ï¼ã®æ ¼ã‚²ãƒ¼ãŠã˜ã•ã‚“ã§ã™ã€‚â– youtubeã‚¢ã‚«ã‚¦ãƒ³ãƒˆï¼šhttps://www.youtube.com/@kokujintv,17/08/2011,Overwatch 2,1727,JaponÃªs,21/05/2025,04:20:50
86224100,pge4,pge4,Flow state in the bruh dimension,25/03/2015,Overwatch 2,1720,InglÃªs,21/05/2025,01:28:18
90381336,ultrasaurus,Ultrasaurus,"Hello my name is Ultrasaurus and I am a mixed race Canadian streamer! We primarily focus on simulation games with the occasional variety game thrown in. Community always comes first - we focus on respect, positivity and kindness. For all business inquiries: ultrasaurus@fenixdown.co",06/05/2015,RoadCraft,1493,InglÃªs,21/05/2025,02:03:52
29400754,lacari,Lacari,YEP. â€ â€ Business Inquiries: Lacari@mythictalent.com,31/03/2012,PokÃ©Rogue,1794,InglÃªs,21/05/2025,03:51:20
121458425,shipbroman,shipbroman,Hey. I am Alen. 31 year old Pisces guy with ASD with positive vibes and funny awesome person from Croatia. Master of science of electrical engineering. I love helping other small streamers grow and I support everyone I can. Have many giveaways and love giving back to the community. Much love all.,10/04/2016,The First Descendant,1538,InglÃªs,21/05/2025,04:18:02
214390156,xcluted,Xcluted,business inquiries: xclutedbiz@gmail.com,15/04/2018,Grand Theft Auto V,609,InglÃªs,21/05/2025,02:08:40
1268360586,baldybronson,BaldyBronson,"Step into the high-stakes world of BaldyBronsonâ€”BB to the inner circleâ€”where the chips are stacked, the suits are sharp, and the vibe is pure 1960s. Iâ€™m your bald, brawny host, a man of discipline, strength, and style.",24/02/2025,Slots,1802,InglÃªs,21/05/2025,05:00:17
693883340,clioaite,ClioAite,"Full Time Streamer, VTuber, Strategy game addict",04/06/2021,Kenshi,1776,InglÃªs,21/05/2025,00:09:36
59131475,caprimint,Caprimint,"Hola! (â—¡â€¿â—¡âœ¿) Stream dedicado a la comunidad, conversamos y compartimos mucho principalmente con humor â™¥Jugamos variedad de juegos, a veces con mis amigos y otras con el chat.",17/03/2014,League of Legends,1705,Espanhol,21/05/2025,02:25:56
810650293,yohdazo,è‘‰ã£ã¡,è‘‰ã¨ç”³ã—ã¾ã™ã€‚ã‚ˆã‚ã—ããŠé¡˜ã„ã—ã¾ã™,20/07/2022,VALORANT,1904,JaponÃªs,21/05/2025,05:20:40
24538518,sneakylol,sneakylol,Streamer :D,02/09/2011,League of Legends,1485,InglÃªs,21/05/2025,03:36:53
29546745,wtf_winds123,å¤§ä¸¸,é™³éµ¬å¹´ï¼Œå–œæ­¡æ‰“LOLçš„å¯¦æ³ä¸»ï¼Œå°ˆé•·æ˜¯è‹±é›„è¯ç›Ÿçš„æ‰“é‡ä½ç½®ã€‚æ­ä»˜å¯¶æœƒå“¡ç·¨è™Ÿï¼š1356596 ,06/04/2012,Honkai: Star Rail,1446,ChinÃªs,21/05/2025,02:34:55
72480716,tonton,Tonton,Je crois qu'il est prÃ©fÃ©rable de ne pas connaÃ®tre les raisons qui font que je suis complÃ¨tement siphonnÃ© du bulbe...95A+ Saitama streamer body.,05/10/2014,Just Chatting,1726,FrancÃªs,21/05/2025,04:50:11
115467657,gale,Gale,A Hardcore Competitive player who focuses on S+ tier gameplay :) ,11/02/2016,Marvel Rivals,1363,InglÃªs,21/05/2025,02:39:37
151409846,cr_rion,CR_rion,CrazyRaccoonæ‰€å± Streamer,25/03/2017,VALORANT,2352,JaponÃªs,21/05/2025,05:27:56
107536229,aurateur,Aurateur,I play the worst Mario levels imaginable.     Business: aurateur@ggtalentgroup.com,20/11/2015,Super Mario Maker 2,1465,InglÃªs,21/05/2025,04:19:18
451786566,silky,Silky,"Hi, I'm Silky. Any business inquiries contact me at Yungsilkmgmt@gmail.com",31/07/2019,Just Chatting,1987,InglÃªs,21/05/2025,05:47:18
805196060,abbasoov,ABBASOOV,ĞŸĞ¾ Ğ¿Ğ¾Ğ²Ğ¾Ğ´Ñƒ Ñ€ĞµĞºĞ»Ğ°Ğ¼Ñ‹ Ğ¸ ÑĞ¾Ñ‚Ñ€ÑƒĞ´Ğ½Ğ¸Ñ‡ĞµÑÑ‚Ğ²Ğ° Ğ¿Ğ¸ÑĞ°Ñ‚ÑŒ Ğ² Ñ‚ĞµĞ»ĞµĞ³Ñ€Ğ°Ğ¼ @partnershipm,29/06/2022,Just Chatting,1577,Russo,21/05/2025,04:43:42
44338537,burkeblack,BurkeBlack,"Yarr Harr! Welcome to the Pirates! Chat Interaction/Friendly Community/And Over the Top Gameplay and Laughs, we set sail Mon-Sat at 10PM EST.",04/06/2013,RoadCraft,1495,InglÃªs,21/05/2025,02:02:21
189850266,bigrussianmum,BIGRUSSIANMUM,ĞœĞµĞ½Ñ Ğ·Ğ¾Ğ²ÑƒÑ‚ ĞœĞ°Ğ¹Ñ. Ğ”Ğ°Ğ²Ğ°Ğ¹ Ğ²Ğ¼ĞµÑÑ‚Ğµ Ğ¿Ğ¾Ğ¸Ğ³Ñ€Ğ°ĞµĞ¼ | Ğ¡Ğ¾Ñ‚Ñ€ÑƒĞ´Ğ½Ğ¸Ñ‡ĞµÑÑ‚Ğ²Ğ¾: boss@brmgame.ru,10/01/2018,RoadCraft,1480,Russo,21/05/2025,05:11:35
78825795,ostpolitik,Ostpolitik,"Matinalier sur Twitch depuis janvier 2020, je vous propose du mardi au jeudi de 7h Ã  9h et le vendredi de 10h Ã  midi (ici ou chez Mediapart) une Ã©mission qui parle d'actualitÃ© franÃ§aise et internationale. Contact : MatinaleOstpolitik@gmail.com",03/01/2015,Talk Shows & Podcasts,1683,FrancÃªs,21/05/2025,04:50:33
143655015,nezumivy,nezumivy,"ğŸŒ¸Hello! Soy LÃºa, mejor conocida como Nezumi lo cual significa ""Rata / RatÃ³n"" en Japones.ğŸŒ¸Actualmente tengo 1 aÃ±o haciendo stream, pero me desmonetizaron. Eso me impulso a mudarme a la mejor plataforma, osea aquÃ­. ğŸ’œ Soy nueva y espero hacer muchos amiguitos bonitos salvajes del bosque.ğŸâœ¨",03/01/2017,League of Legends,1670,Espanhol,21/05/2025,03:00:54
44259400,seanic,seanic,undiagnosed but Iâ€™m pretty sure,02/06/2013,Blue Prince,1530,InglÃªs,20/05/2025,23:43:20
141572955,memorizer,Memorizer,Business : taehwanhyun@naver.com,09/12/2016,Lost Ark,1519,InglÃªs,21/05/2025,01:10:40
70518383,rpglimitbreak,RPGLimitBreak,"Annual RPG Speedrun Charity Marathon, plus other great online RPG community events!",03/09/2014,Metaphor: ReFantazio,1385,InglÃªs,20/05/2025,12:05:28
775886268,kommavt,KommaVT,"â¥ Summoning successful! â¥ Travel companion, Komma, reporting for duty!",26/02/2022,ASMR,1506,InglÃªs,21/05/2025,03:03:37
70661496,chica,Chica,"Welcome to my live gaming channel, a place where you can explore and enjoy some of the best gaming content and be part of an outstanding community of video game lovers! You can learn more about me in the info section orâ€”better yetâ€”by following the stream and watching it LIVE!",05/09/2014,Fortnite,1411,InglÃªs,21/05/2025,05:23:39
418733765,igorrezende12,IgorRezende12,A live oficial do goleiro mais empregado do YouTube.,23/02/2019,Counter-Strike,1472,PortuguÃªs,21/05/2025,01:34:15
123907423,nixstah,Nixstah,"Content Creator from Los Angeles, Ca. I LOVE YOU CUTIES!",10/05/2016,Call of Duty: Warzone,1405,InglÃªs,21/05/2025,01:52:51
52968416,asmodaitv,AsmodaiTV,"Hey Im Chris, I play games ;o) Keepo",10/12/2013,Hearthstone,1416,InglÃªs,21/05/2025,01:02:54
234973404,waterlynn,waterlynn,Hope you enjoyed your stay!,29/06/2018,Just Chatting,1523,InglÃªs,21/05/2025,03:12:11
32099052,purpp,Purpp,small waist pretty face with a big bank,13/07/2012,Old School RuneScape,1447,InglÃªs,21/05/2025,02:03:46
66361387,missginadarling,MissGinaDarling,"Former G4TV and WWE host, streamer, all around half-decent human being on the internet",15/07/2014,Clair Obscur: Expedition 33,1430,InglÃªs,21/05/2025,01:00:21
50185928,majinphil,MajinPhil,im basically an idiot,15/10/2013,The Legend of Zelda: Ocarina of Time,1364,InglÃªs,21/05/2025,03:33:23
79294007,mira,mira,Destream ambassador | masters in psychology & neuroscience. human nature is fascinating | epigenetics research. for business inquiries mira.twitch@gmail.com  ,09/01/2015,Just Chatting,1322,InglÃªs,19/05/2025,18:00:21
205218019,el_yuste,el_yuste,Lo que viene a ser Yuste diciendo sus cosas.,13/03/2018,Just Chatting,1797,Espanhol,21/05/2025,06:02:23
56399221,viper,Viper,"Full-Time Gamer. Best Riven. 8 times ex rank 1 NA . Watch, Learn, Climb! | viperomran@gmail.com",08/02/2014,League of Legends,1058,InglÃªs,21/05/2025,00:07:54
806179236,meltonff,ãƒ¡ãƒ«ãƒˆãƒ³ã‚ã‚‹ã¨ã‚“,ã¡ã‚‡ã£ã¨å‰ã«ãƒ—ãƒ­ã‚²ãƒ¼ãƒãƒ¼ã‚„ã£ã¦ãŸäººYouTubeã§å‹•ç”»æ›´æ–°ã—ã¦ã‚‹ã‹ã‚‰ç™»éŒ²ã—ã¦ãã ã•ã„å–œã³ã¾ã™ã‚ã¨ãƒ„ã‚¤ãƒƒã‚¿ãƒ¼ã‚‚,03/07/2022,Overwatch 2,1588,JaponÃªs,21/05/2025,05:58:46
54121470,bronx,Bronx,I stream DBD. Demo enjoyer,30/12/2013,Dead by Daylight,1424,InglÃªs,21/05/2025,04:58:31
143662611,tanukininja,ãŸã¬ãå¿è€…,"å¿è€…ã§ã”ã–ã‚‹ã  
",03/01/2017,Teamfight Tactics,1367,JaponÃªs,21/05/2025,03:05:28
72700357,pinkwardlol,PinkWardlol,The Original AP Shaco Top Player,08/10/2014,League of Legends,1234,InglÃªs,20/05/2025,23:10:14
84310923,corey2u,corey2u,âœ Iâ€™m Me Because Of God âœ,03/03/2015,Streamer University,6138,InglÃªs,21/05/2025,03:32:07
52891155,lowtiergod,LowTierGod,Official TWITCH channel of Low Tier God also known as Dalauan Sparrow ,09/12/2013,Just Chatting,1341,InglÃªs,21/05/2025,00:21:27
148140024,smokeask1,smokeask1,Holaaa tratÃ³ de hacer directo diario ğŸ¥°,19/02/2017,Just Chatting,2467,Espanhol,21/05/2025,05:29:34
992986208,triplelift,triplelift,"Yiliang ""Doublelift"" Peng 24/7 rerun channel",20/11/2023,League of Legends,1848,InglÃªs,20/05/2025,23:01:19
56489971,metashi12,metashi12,29 Jahre alt und komplett durch mit dem Leben,09/02/2014,DARK SOULS III,1570,AlemÃ£o,21/05/2025,06:00:51
63493039,wearethevr,WeAreTheVR,A TheVR hivatalos Twitch csatornÃ¡ja. Streamek minden hÃ©tkÃ¶znap reggel Ã©s dÃ©lutÃ¡n!,01/06/2014,Talk Shows & Podcasts,1733,HÃºngaro,21/05/2025,06:30:28
617224090,zorgo_hs,zorgo_hs,Hey I am Zorg 28 and from Germany. I enjoy playing Bg and achieved my goal of hitting Rank 1 and now try to make a living from streaming a childrens card game.,06/12/2020,Hearthstone,1561,InglÃªs,20/05/2025,21:11:29
621253216,meltislive,MeltIsLIVE,JUST TRYNA MAKE YOUR DAY A LIL BIT BETTER!!!MAN OF GOD!!!LETS HAVE FUN!!| ALL BUSINESS INQUIRIES meltsliveentertainment@gmail.com,16/12/2020,Just Chatting,1542,InglÃªs,21/05/2025,01:57:40
93869876,thebausffs,Thebausffs,Challenger Full AD Sion Otp ,18/06/2015,League of Legends,3490,InglÃªs,21/05/2025,06:39:36
555397037,jonlimusic,JonLiMusic,ğŸ¹ğŸ¤ Music & variety streamer. Twitch & Chess.com partner. Husband. Dad to 4 Daughters. Dueling Pianist. Singer-Songwriter. Multi-Instrumentalist. Minnesotan. Christ-follower. Chinese. Founder of ROCK IT MAN ENTERTAINMENT. Say hi & request any of over 4000 songs from my list. Welcome to our Fam-Li! ğŸ™ƒ,16/07/2020,Chess,377,InglÃªs,21/05/2025,03:36:47
144132274,chuckmoulton,chuckmoulton,"Chess variant, strategy game, and variety game streamer (mostly bughouse).",07/01/2017,Chess,1613,InglÃªs,21/05/2025,03:41:49
72374786,msbee69,MsBee69,"Still in the making â€” From Soulsborne invasions to high-voltage ARPG builds Â· Always creating, always evolving Â· Twitch Partner Â· YouTube Partner Â· Digital Mischief Engineer Â· Cat Enthusiast ğŸ¾ Â· Biz: abeestreams.axkuc@dralias.com",03/10/2014,ELDEN RING,1386,InglÃªs,21/05/2025,03:05:20
25595342,sweetily,Sweetily,Let's conquer the darkness together â™¡ æˆ‘ä»¬ä¸€èµ·æ¥æˆ˜èƒœé»‘æš— âœ‰ï¸sweetily@ggtalentgroup.com,21/10/2011,Honkai: Star Rail,1390,InglÃªs,21/05/2025,03:01:21
74505272,keanelol,keanelol,ex pro league of legends player. VODs =  https://www.youtube.com/@keanetftvods564 .                            business : keanelol93@gmail.com,04/11/2014,Teamfight Tactics,1353,InglÃªs,21/05/2025,04:38:33
9679595,grimmmz,Grimmmz,Never on time....always on the grind. Welcome.,31/12/2009,Cash Cleaner Simulator,1271,InglÃªs,21/05/2025,04:02:47
95329211,gmbancsoo,GMbancsoo,"â™š GM TamÃ¡s BÃ¡nusz | FIDE 2600+ |  Hungarian Chess Grandmaster streaming blitz, bullet, puzzle solving, guess the rating and tournaments. Join me for limitless of blunders, insightful breakdowns, and a lot of fun with our community!",05/07/2015,Chess,1690,InglÃªs,21/05/2025,06:57:09
28585164,mynthos,Mynthos,Contact PRO: mynthos@20ty.gg,28/02/2012,Deliver At All Costs,1892,FrancÃªs,21/05/2025,06:41:33
151368796,piratesoftware,PirateSoftware,"Hi, my name is Thor. I've been in the games industry since 2004. I worked for Blizzard Entertainment, Amazon Games Studios, the United States Department of Energy, and now I own my own studio called Pirate Software. I'm a game developer, a hacker, and a giant nerd. Ask me stuff!",24/03/2017,Software and Game Development,1473,InglÃªs,21/05/2025,07:05:43
570123073,ba_st1on,ba_st1on,Ğ ĞµĞºĞ»Ğ°Ğ¼Ğ°: TG: @bast10nn / danilka4481@mail.ru,20/08/2020,Virtual Casino,1562,Russo,21/05/2025,06:21:41
592652063,loud_brabox,LOUD_Brabox,"EX BANIDO, LIVE TODOS OS DIAS,TRABALHANDO POR AMOR!",06/10/2020,Just Chatting,1396,PortuguÃªs,20/05/2025,23:22:03
159782005,guddummit,GuDDummit,"ĞŸÑ€Ğ¸Ğ²ĞµÑ‚, Ñ ĞÑ€ÑĞ»Ğ°Ğ½. Ğ¡Ğ¾Ñ‚Ñ€ÑƒĞ´Ğ½Ğ¸Ñ‡ĞµÑÑ‚Ğ²Ğ¾: Info@vorobeyprod.ru | Ğ ĞµĞ³Ğ¸ÑÑ‚Ñ€Ğ°Ñ†Ğ¸Ñ Ğ² Ñ€ĞµĞµÑÑ‚Ñ€Ğµ: https://vk.cc/cHoCK8",10/06/2017,Hearthstone,1386,Russo,21/05/2025,06:53:54
858359149,ramuneshiranami,ç™½æ³¢ã‚‰ã‚€ã­,â—¯ã¶ã„ã™ã½å…¬å¼HPã€€https://vspo.jp/ã€€â—¯ä½¿ç”¨BGMã€€æ›²å ã€Epochã€ã€Funnyã€ã€Arrivalã€ã€Notionã€ã€Daysã€ã€Inside Outã€ä½œæ›² RYU ITOã€€https://ryu110.com/ã€€https://www.youtube.com/@nemumusic  https://www.youtube.com/@fai_musics,19/12/2022,Fast Food Simulator,2903,JaponÃªs,21/05/2025,07:19:36
104435562,qrushcsgo,QRUSHcsgo,"ĞœĞ¾Ğ»Ğ¾Ğ´Ğ¾Ğ¹, Ğ³Ğ¾Ñ€ÑÑ‡Ğ¸Ğ¹, Ğ¿ĞµÑ€ÑĞ¿ĞµĞºÑ‚Ğ¸Ğ²Ğ½Ñ‹Ğ¹ ĞºĞ¸Ğ±ĞµÑ€ÑĞ¿Ğ¾Ñ€Ñ‚ÑĞ¼ĞµĞ½ Ğ¸Ğ· Ğ³Ğ¾Ñ€Ğ¾Ğ´Ğ° Ğ£Ñ„Ğ°. ĞĞ° ÑÑ‚Ñ€Ğ¸Ğ¼Ğµ Ğ¸Ğ½Ğ¾Ğ³Ğ´Ğ° Ñ…Ğ°Ğ²Ğ°Ñ, Ğ¸Ğ½Ğ¾Ğ³Ğ´Ğ° Ñ…Ğ¸Ğ¿Ğ¸Ñˆ. Ğ”Ğ»Ñ ÑĞ¾Ñ‚Ñ€ÑƒĞ´Ğ½Ğ¸Ñ‡ĞµÑÑ‚Ğ²Ğ°: https://vk.com/qrushcs",15/10/2015,Counter-Strike,1751,Russo,21/05/2025,07:21:10
142898099,gon_vl,gon_vl,ğŸ˜…,26/12/2016,VALORANT,7554,JaponÃªs,21/05/2025,07:32:13
1239853264,stellarwealth,stellarwealth,https://streamelements.com/alvaroeth/tip,27/01/2025,Just Chatting,1667,InglÃªs,21/05/2025,04:55:13
1310845998,ritualxfps_,ritualxfps_,1x FNCS CHAMPION | EWC 2024 WORLD CHAMPION | always grinding,15/05/2025,Fortnite,1513,InglÃªs,21/05/2025,03:03:36
79297907,polypuff,Polypuff,Hallo~ I'm a peak Grandmaster support main on the Korean / NA server! I'm known for my unsealed spellbook Bard in League but I play a lot of other champions and games depending on the day. I also stream art once in a while (Â´  ï½¥Ï‰ï½¥`). Remember to read the FAQ and Rules down below!,09/01/2015,League of Legends,1674,InglÃªs,21/05/2025,04:01:53
25233449,mago2dgod,mago2dgod,ãƒ—ãƒ­eã‚¹ãƒãƒ¼ãƒ„ãƒãƒ¼ãƒ ã€ŒDONUTS VARRELã€æ‰€å±ã€‚ Professional Gamer VARREL | MAGOé€£çµ¡ç­‰ãŒå¿…è¦ãªæ–¹ã¯ã“ã¡ã‚‰ã¸â†’management@cellorb.jp,03/10/2011,Just Chatting,2318,JaponÃªs,21/05/2025,07:39:19
31645736,goodoq,goodoq,"ĞœĞ°ĞºÑĞ¸Ğ¼, 33 Ğ³Ğ¾Ğ´Ğ°, Ğ¡Ğ°Ğ½ĞºÑ‚-ĞŸĞµÑ‚ĞµÑ€Ğ±ÑƒÑ€Ğ³. ĞŸÑ€ĞµĞ´Ğ»Ğ¾Ğ¶ĞµĞ½Ğ¸Ñ Ğ¿Ğ¾ ÑĞ¾Ñ‚Ñ€ÑƒĞ´Ğ½Ğ¸Ñ‡ĞµÑÑ‚Ğ²Ñƒ: info@vorobeyprod.ru t.me/Vorobe1ch",26/06/2012,Dota 2,1683,Russo,21/05/2025,07:00:48
587350743,kinapoppo,kinapoppo,youtubeã‚‚ã‚„ã£ã¦ã¾ã™ã€‚,24/09/2020,League of Legends,1585,JaponÃªs,21/05/2025,07:23:15
212474095,guilty1223,ã‚®ãƒ«ãã‚“,Vtuberå¥½ãã®ã„ã‚ã‚“ãªäººãŒå¥½ãã§ã„ã‚ã‚“ãªã‚²ãƒ¼ãƒ ã‚‚å¥½ãã§ã™,07/04/2018,Grand Theft Auto V,2877,JaponÃªs,21/05/2025,07:54:58
115842730,icebergdoto,icebergdoto,ĞŸĞ¾ Ğ²Ğ¾Ğ¿Ñ€Ğ¾ÑĞ°Ğ¼ ÑĞ¾Ñ‚Ñ€ÑƒĞ´Ğ½Ğ¸Ñ‡ĞµÑÑ‚Ğ²Ğ° Ğ¿Ğ¸ÑˆĞ¸Ñ‚Ğµ Ğ½Ğ° Ğ¿Ğ¾Ñ‡Ñ‚Ñƒ - icebergbus@gmail.com,14/02/2016,Dota 2,2056,Russo,21/05/2025,07:34:31
553731558,sushidog,sushidog,I got dat dog in meğŸ¶ã‚¢ãƒŠãƒ­ã‚°ã‚¤ãƒ©ã‚¹ãƒˆãƒ¬ãƒ¼ã‚¿ãƒ¼ğŸ¨,12/07/2020,Art,2758,JaponÃªs,21/05/2025,02:48:14
401670504,oatley,Oatley,Family Friendly Professional Fortnite Player and Content Creator,12/12/2018,Fortnite,1498,InglÃªs,21/05/2025,06:00:47
105244994,quickhuntik,QUICKHUNTIK,ĞŸĞ¾Ñ‡Ñ‚Ğ° Ğ´Ğ»Ñ ÑĞ¾Ñ‚Ñ€ÑƒĞ´Ğ½Ğ¸Ñ‡ĞµÑÑ‚Ğ²Ğ° agency@nektartwitch.ru,26/10/2015,Dead by Daylight,2074,Russo,21/05/2025,06:52:51
30773126,delordione,delordione,"contact: weronika@cfa.gg Liga Legend, gry, watchparty, co streamy, odtwarzacz, wszystko to, co mozna pokomentowac i podyskutowac:D ",24/05/2012,Just Chatting,1821,PolonÃªs,21/05/2025,08:05:32
40733337,mariachi,Mariachi,be positive &gt;&lt; Dota 2 streamer,25/02/2013,Dota 2,1521,Russo,21/05/2025,07:13:11
777241187,kiruma_ch,åˆ‡å˜›,ãã‚‹ã¾ã£ã¦èª­ã¿ã¾ã™,03/03/2022,Grand Theft Auto V,1736,JaponÃªs,21/05/2025,06:06:22
247582617,kokuszcsoport,kokuszcsoport,A JÃ“LVANEZÃGY Ã©s a FÃ³kuszcsoport hivatalos twitch csatornÃ¡ja.,13/08/2018,Just Chatting,1572,HÃºngaro,21/05/2025,07:41:59
965211358,compass_cs2,Compass_cs2,"Navigate, Discover, Dominate. Follow the compass to Counter-Strike victory ğŸ§­â€œYALLA, LETâ€™S GOâ€",05/10/2023,Counter-Strike,1623,InglÃªs,21/05/2025,07:43:32
552015849,rmcsport,RMCsport,Bienvenue sur la chaÃ®ne Twitch officielle de RMC Sport !,07/07/2020,Sports,1666,FrancÃªs,21/05/2025,08:01:08
856411141,narodcast4,NarodCast4,NarodCast Ğ¾ÑĞ²ĞµÑ‰Ğ°ÑÑ‚ Ğ´Ğ»Ñ Ğ²Ğ°Ñ Ñ‚ÑƒÑ€Ğ½Ğ¸Ñ€Ñ‹ Ğ¿Ğ¾ Dota 2 Ğ¸ Counter-Strike 2,12/12/2022,Counter-Strike,1617,Russo,21/05/2025,07:22:53
99401753,chesscoachandras,chesscoachandras,"International Master Andras Toth. Chess coach and chess content creator for Twitch, Youtube, and Chessable. Chessable Author of the Year in 2021.",16/08/2015,Chess,1591,InglÃªs,21/05/2025,08:21:32
113511896,chap_gg,Chap_GG,Jungler ADC Challenger 4x Champion dâ€™Europe sur League Of Legends ğŸ†,22/01/2016,League of Legends,1537,FrancÃªs,21/05/2025,06:53:24
151079000,skillz0r1337,SKILLZ0R1337,LOL NELOL chips o___o ddance rrave ,21/03/2017,Just Chatting,2113,Russo,21/05/2025,08:34:01
194331558,august,August,I play support in Top 500 and I also don't understand what sin cos and tan are,02/02/2018,Overwatch 2,1590,InglÃªs,21/05/2025,05:38:03
882546504,ow_esports_jp,OW_ESPORTS_JP,Overwatch Esportsã®å…¬å¼é…ä¿¡ãƒãƒ£ãƒ³ãƒãƒ«ãƒ›ãƒ¼ãƒ ã§ã™ ã€‚ ,16/02/2023,Overwatch 2,3014,JaponÃªs,21/05/2025,08:30:30
38206419,fgsquared,FGsquared,Hi! I'm FG (she/her). Variety Streamer & Co-Host of ADHD Podcast Attention Plan. Lover of all things Otter. It's probably NOT my birthday but chat will tell you otherwise. Not a Cult! Often plays unknown or wacky Indie games. Advocate for accessibility in games esp. concerning simulation sickness.,04/12/2012,RoadCraft,1509,InglÃªs,21/05/2025,08:04:04
784315439,mansayasama,mansayasama,NORTHEPTION ã‚¹ãƒˆãƒªãƒ¼ãƒãƒ¼éƒ¨é–€æ‰€å± 2022/7/19 Twitchãƒ‘ãƒ¼ãƒˆãƒŠãƒ¼ ã«ãªã‚Œã¾ã—ãŸâœ¨æ˜ ç”»ã‚„ãƒ‰ãƒ©ãƒã‚’é‘‘è³ã™ã‚‹ã®ãŒå¥½ãã§ã™ã€‚ã‚²ãƒ¼ãƒ ã‚‚å¤§å¥½ãï¼,31/03/2022,Grand Theft Auto V,1820,JaponÃªs,21/05/2025,08:28:44
626747405,iq200yukaf,IQ200YukaF,Apex ProPlayer for FNATIC,27/12/2020,Apex Legends,1626,JaponÃªs,21/05/2025,08:27:50
511291135,pudgaero,PUDGAERO,Ğ£Ğ»Ñ‹Ğ±Ğ½Ğ¸ÑÑŒ Ğ¼Ğ°Ñ€Ğ¼ĞµĞ»Ğ°Ğ´ĞºĞ° :3 â–º Ğ’ĞºĞ»ÑÑ‡ĞµĞ½ Ğ Ğ¾ÑĞºĞ¾Ğ¼Ğ½Ğ°Ğ´Ğ·Ğ¾Ñ€Ğ¾Ğ¼ Ğ² Ğ¿ĞµÑ€ĞµÑ‡ĞµĞ½ÑŒ Ğ¿ĞµÑ€ÑĞ¾Ğ½Ğ°Ğ»ÑŒĞ½Ñ‹Ñ… ÑÑ‚Ñ€Ğ°Ğ½Ğ¸Ñ† https://gosuslugi.ru/snet/67a5c8104689c2151c82ea27,09/04/2020,Just Chatting,1681,Russo,21/05/2025,07:22:15
86690831,takluz,Takluz,à¸ªà¸§à¸±à¸ªà¸”à¸µà¸—à¸¸à¸à¸„à¸™à¸™ à¸à¸µà¹ˆà¸Šà¸·à¹ˆà¸­à¸à¸´à¹Šà¸Ÿ à¸Šà¸­à¸š T1 à¸à¸±à¸š ManU à¸¡à¸²à¸à¹†  | à¸„à¸™à¸—à¸³ intro : Mongkol Torsuppaisan 0958462096 | à¸„à¸™à¹€à¸‚à¸µà¸¢à¸™ code à¹à¸¥à¸° à¹‚à¸›à¸£à¹à¸à¸£à¸¡ : Saki019,28/03/2015,League of Legends,1683,TailandÃªs,21/05/2025,07:33:53
174754672,prod,PROD,Twitter: https://twitter.com/ProdCM_ @PRODCM_,19/09/2017,VALORANT,1790,InglÃªs,21/05/2025,07:12:33
129405323,oilrats,Oilrats,21 year old eggman named Jonathan ,12/07/2016,Rust,1547,InglÃªs,21/05/2025,06:50:13
1228390398,sinatraavod,sinatraavod,@sinatraa 24/7 rerun channel business email: sinatraa@evolved.gg,07/01/2025,VALORANT,2608,InglÃªs,20/05/2025,09:16:30
412114748,thejrm_,TheJRM_,My name is JRM and I'm 23 years old! Contact me at: snowballmediadigital@gmail.com,25/01/2019,Dead by Daylight,1621,InglÃªs,21/05/2025,08:17:43
44113905,almazer5,almazer5,Ğ˜Ğ½Ğ¿ÑƒÑ‚Ğ»Ğ°Ğ³ Ğ¿Ğ¾ Ğ¶Ğ¸Ğ·Ğ½Ğ¸ . Ğ”Ğ»Ñ ÑĞ¾Ñ‚Ñ€ÑƒĞ´Ğ½Ğ¸Ñ‡ĞµÑÑ‚Ğ²Ğ°: vk.com/almazer1 TG- @almazer1 ,29/05/2013,Counter-Strike,1599,Russo,21/05/2025,07:49:48
145416777,fps__saku,fps__saku,åˆã‚ã¾ã—ã¦sakuã§ã™ã€‚Apex Legendsã®ãƒ—ãƒ­ã‚²ãƒ¼ãƒãƒ¼ã‚’ã—ã¦ã¾ã™ã€‚,21/01/2017,Apex Legends,1651,JaponÃªs,21/05/2025,09:01:25
